ticker,buy_sell_1d,buy_sell_3d,buy_sell_5d,buy_sell_10d,foreign_1d,foreign_3d,foreign_5d,foreign_10d,investment_1d,investment_3d,investment_5d,investment_10d,dealer_1d,dealer_3d,dealer_5d,dealer_10d
2330.TW,4289708,3163714,3755588,8833881,3090730,56942,2512473,2961635,596450,1986848,-443678,470648,602528,1119924,1686793,5401598
2317.TW,5653053,13256491,-3201371,418870,5092135,12815636,-5196198,-3594028,203752,-60289,644637,1879175,357166,501144,1350190,2133723
3481.TW,-96716651,16719309,-45719098,11451099,-93138155,11843728,-37955838,14278128,600000,612000,-3122900,-11098597,-4178496,4263581,-4640360,8271568
3105.TW,0,0,0,0,0,0,0,0,0,0,0,0,0,0,0,0
2344.TW,17530186,62610405,51561577,75935584,16788887,61891100,54190903,89765405,-463000,-2502000,-5936001,-22368680,1204299,3221305,3306675,8538859
2409.TW,-39265302,54698137,-185340255,390495909,-36216125,47101480,-186785310,347954831,2628000,2778000,3001000,6544119,-5677177,4818657,-1555945,35996959
2338.TW,89275,736908,446176,-1586573,95769,770027,540117,-1228988,0,0,0,0,-6494,-33119,-93941,-357585
2408.TW,1122081,15233195,22162733,40609020,1001379,15036157,24279611,36761776,5000,-731000,-3299001,1914361,115702,928038,1182123,1932883
6239.TW,-107970,-1614045,-3317658,2445169,-439418,-2303127,-3779265,7294466,72000,104000,87000,-6705950,259448,585082,374607,1856653
2327.TW,26318023,8222600,5127697,12731091,23393752,7772545,4698799,7698794,1400000,-673604,-1274604,1069575,1524271,1123659,1703502,3962722
3035.TW,1380008,2983341,4107975,12162878,1354325,2984522,3929125,10278695,0,-28000,-8000,-8000,25683,26819,186850,1892183
8358.TW,0,0,0,0,0,0,0,0,0,0,0,0,0,0,0,0
4958.TW,-72221,13428245,-8461316,-17584943,236370,10875810,-8886544,-15076162,-500000,2188000,601000,-2108983,191409,364435,-175772,-399798
6274.TW,0,0,0,0,0,0,0,0,0,0,0,0,0,0,0,0
6488.TW,0,0,0,0,0,0,0,0,0,0,0,0,0,0,0,0
6116.TW,-3509545,12364148,-12407814,15134366,-2737337,9745857,-14242860,10937208,0,0,100,100,-772208,2618291,1834946,4197058
2374.TW,-106878,707051,753942,1409260,-104702,713347,769374,1456320,0,0,0,-22000,-2176,-6296,-15432,-25060
2312.TW,-898470,1489623,503874,-126699,-803682,1456354,645590,695758,0,2000,15000,57000,-94788,31269,-156716,-879457
3189.TW,3165213,6020047,17347125,26636741,1517834,3473430,14070504,20641887,1519000,2416000,3217001,4094001,128379,130617,59620,1900853
1802.TW,-4675482,-943322,-5958708,-5388955,-4832047,-1228088,-5872111,-7926297,-20000,-121000,-117000,78000,176565,405766,30403,2459342
2609.TW,-255963,327620,3573481,43574863,-214636,477383,3817091,42714669,13000,68000,189000,-266572,-54327,-217763,-432610,1126766
3163.TW,0,0,0,0,0,0,0,0,0,0,0,0,0,0,0,0
5289.TW,0,0,0,0,0,0,0,0,0,0,0,0,0,0,0,0
4960.TW,-1483044,29641,113449,-4854849,-1443852,11268,209572,-4962338,0,0,0,0,-39192,18373,-96123,107489
8046.TW,3350314,6342544,11670318,13600794,1503057,4014778,8747710,11002869,1912000,2248000,2448000,1797901,-64743,79766,474608,800024
6669.TW,-287778,-1179686,-2121223,-7481876,-7451,-766235,-412170,-2294980,-301000,-401331,-1636632,-4641143,20673,-12120,-72421,-545753
00403A.TW,153434347,260684553,714647319,1730700075,74269491,101234541,257890189,775400019,0,0,0,0,79164856,159450012,456757130,955300056
3037.TW,1040119,1575415,9018719,18870777,344183,174029,7928124,17076534,626900,1418993,2115992,1421575,69036,-17607,-1025397,372668
2383.TW,-259009,-741069,-1228897,-2346942,-201870,-646206,-806253,553695,-66000,-90675,-525675,-3421761,8861,-4188,103031,521124
2308.TW,-628641,-2077281,-1707491,7599179,-725958,-3251172,-3717351,-1443416,117299,999571,1630573,7450431,-19982,174320,379287,1592164
2303.TW,29723592,30024974,-24290582,139752665,25460901,12086656,-33420541,55684995,2495000,16245000,8148000,69355872,1767691,1693318,981959,14711798
3711.TW,741990,1725489,3388135,33201758,457672,2698283,8613028,34500368,227400,-1100600,-5543960,-5062758,56918,127806,319067,3764148
6285.TW,-602853,-1128949,-2099,-705825,-609411,-1063650,-307586,-533719,2000,0,3000,-726000,4558,-65299,302487,553894
9105.TW,-2521310,-1468671,367850,-4982168,-2469084,-2564784,-1135886,-4641036,0,0,0,0,-52226,1096113,1503736,-341132
2454.TW,-464703,-6045677,-4855127,5140475,-571884,-6227444,-4904480,3977890,33171,128027,-178730,-58716,74010,53740,228083,1221301
2313.TW,-1097588,1879346,2125120,-12076048,-937800,821522,1131494,-13447161,-115000,1227000,1176000,1423652,-44788,-169176,-182374,-52539
00878.TW,-23025971,-48851640,-89792442,-83429519,-3021568,-3073098,-10854484,-11136693,0,0,0,-100000,-20004403,-45778542,-78937958,-72192826
0056.TW,-33467525,-72909338,-104367817,-114331141,-8960687,-10344516,-21060235,-25089681,180000,442000,592000,8892000,-24686838,-63006822,-83899582,-98133460
2376.TW,965853,2331971,2644658,5012040,724777,2165865,2845908,2223524,60000,-147000,-370000,2402237,181076,313106,168750,386279
2027.TW,-289658,-2354557,3578168,9207423,-2800166,-4672409,-1221682,167049,2209000,2207000,3744000,7676755,301508,110852,1055850,1363619
2618.TW,-5255374,6885348,18560875,36440958,-3653555,5450974,4753667,2798467,-1777000,246421,11892840,30826236,175181,1187953,1914368,2816255
3673.TW,-1828637,-6149969,-6746132,-5695460,-2051753,-6683106,-7237513,-6343166,0,0,76,76,223116,533137,491305,647630
4966.TW,0,0,0,0,0,0,0,0,0,0,0,0,0,0,0,0
7769.TW,-127989,-375312,-1134257,-1640820,-122552,-57513,-445101,-359334,-7000,-324449,-686321,-1317141,1563,6650,-2835,35655
1303.TW,-11083840,32439807,37409837,23337981,-11981849,20595637,29850003,-15028651,662000,8682000,2876000,33123290,236009,3162170,4683834,5243342
3211.TW,0,0,0,0,0,0,0,0,0,0,0,0,0,0,0,0
1409.TW,-4568995,-346498,281749,1454993,-4526162,123351,1136902,2136012,-154000,-154000,-152000,-172000,111167,-315849,-703153,-509019
3324.TW,0,0,0,0,0,0,0,0,0,0,0,0,0,0,0,0
4908.TW,0,0,0,0,0,0,0,0,0,0,0,0,0,0,0,0
4931.TW,0,0,0,0,0,0,0,0,0,0,0,0,0,0,0,0
2485.TW,-704351,1148798,1072779,2001450,-712230,1128623,1072953,2024335,0,54,54,54,7879,20121,-228,-22939
2002.TW,-21296134,42934198,34387524,-22667205,-21326721,42787308,33885712,-20536031,0,-60000,-70000,-4005422,30587,206890,571812,1874248
5439.TW,0,0,0,0,0,0,0,0,0,0,0,0,0,0,0,0
6213.TW,1534774,1144525,3412389,3511850,1126140,608856,1756919,-3744,373000,921000,1616000,3300000,35634,-385331,39470,215594
2603.TW,-991667,-3432526,-3198992,6057010,-1374257,-4283180,-7035643,-4082537,332000,692576,3595472,8643673,50590,158078,241179,1495874
2707.TW,13131,-91575,-84101,-113953,13131,-92657,-85668,-116188,0,0,0,-6000,0,1082,1567,8235
2748.TW,84000,98000,96000,82000,84000,97000,95000,75000,0,0,0,0,0,1000,1000,7000
3017.TW,-47488,-705417,-194113,-496116,-5336,-373878,-187394,-937466,-82831,-411931,-176932,-3120,40679,80392,170213,444470
2382.TW,-1992584,-4380035,-9115741,2735006,-3731227,-6510006,-12927333,-17720908,1445000,1466000,2901000,18099824,293643,663971,910592,2356090
3231.TW,30634519,37577176,38369854,2772240,29330374,35563327,39415097,6602621,554000,731000,-3093000,-5463252,750145,1282849,2047757,1632871
3081.TW,0,0,0,0,0,0,0,0,0,0,0,0,0,0,0,0
2345.TW,41564,-2345555,-3969148,-6677428,486725,929669,330281,329673,-488000,-3407046,-4424047,-7391339,42839,131822,124618,384238
2337.TW,-1232128,12497515,6869623,11696809,-1104217,12144999,6792253,10614635,6000,-20000,-690000,-366000,-133911,372516,767370,1448174
2329.TW,-474456,1014385,903137,1593451,-507331,998551,914914,1500452,0,0,0,0,32875,15834,-11777,92999
2331.TW,224007,494007,323007,1269902,203007,469007,300007,1229902,0,0,0,0,21000,25000,23000,40000
2498.TW,-1240185,-1845842,-6286070,-8188859,-1164408,-2282129,-7045029,-8851563,0,0,0,-344000,-75777,436287,758959,1006704
8215.TW,211149,743894,668070,1145753,213371,722613,659085,1157168,0,-12000,-12000,-65000,-2222,33281,20985,53585
2401.TW,-2402316,-1250763,-1171955,200968,-2467119,-1357063,-1306119,-242968,0,40000,70000,70000,64803,66300,64164,373936
3062.TW,-511265,-61538,-419216,-547465,-506950,-69346,-421346,-709217,0,0,0,0,-4315,7808,2130,161752
8028.TW,-1162887,-4310809,-4438089,-4348070,-1177735,-6426852,-8994949,-18560957,0,2202000,4511000,14014000,14848,-85957,45860,198887
8150.TW,1876132,3476598,25627981,72638736,2192731,3404984,27309291,68954100,40000,41000,48000,54000,-356599,30614,-1729310,3630636
2356.TW,-2383965,-8442104,-16819490,-20693978,-2873938,-8965662,-17228299,-22389252,169000,-88000,-199000,-1016912,320973,611558,607809,2712186
2324.TW,-14664178,-25705505,-41343694,-78893697,-15352567,-27344891,-43431389,-82158862,25000,36000,147000,777812,663389,1603386,1940695,2487353
2353.TW,2598710,2950070,5278765,16194039,2227526,2229687,3017627,7428932,111000,219000,426000,2431302,260184,501383,1835138,6333805
3013.TW,330065,78749,18814,-102569,126400,-174414,-238678,-364881,0,0,1022,4022,203665,253163,256470,258290
6230.TW,7000,-1662,-6662,13589,7000,-1712,-6712,8539,0,0,0,0,0,50,50,5050
6275.TW,0,0,0,0,0,0,0,0,0,0,0,0,0,0,0,0
2421.TW,470058,187862,389162,1410994,452118,289760,702668,1609077,-10000,-25000,-146000,-216000,27940,-76898,-167506,17917
2368.TW,-2072481,-5225896,-6854769,-13075993,-2265805,-7296742,-10494868,-18238379,141000,1904910,3069909,3753055,52324,165936,570190,1409331
5469.TW,66383,49165,57325,-742333,59344,82971,98131,-1572572,0,-45000,-45000,780000,7039,11194,4194,50239
6269.TW,-700873,835179,1267147,-1694762,-679625,837602,1347217,-1852621,0,0,0,-24000,-21248,-2423,-80070,181859
6191.TW,392030,1317833,712779,1380826,399250,1356846,831096,1421655,-5000,-32000,-99000,-57000,-2220,-7013,-19317,16171
6214.TW,322120,54817,828225,1849119,322054,90783,890121,1863214,0,10000,-12000,-10843,66,-45966,-49896,-3252
8039.TW,-2336800,-2991547,-3015760,-8410452,-2105312,-3669744,-3526813,-4573746,-10000,43000,44000,-3519000,-221488,635197,467053,-317706
3363.TW,0,0,0,0,0,0,0,0,0,0,0,0,0,0,0,0
4903.TW,0,0,0,0,0,0,0,0,0,0,0,0,0,0,0,0
4979.TW,0,0,0,0,0,0,0,0,0,0,0,0,0,0,0,0
6426.TW,-477086,-1097661,-883391,60647,-302035,-989066,-781475,144466,-118000,-117986,-117986,-117986,-57051,9391,16070,34167
3260.TW,0,0,0,0,0,0,0,0,0,0,0,0,0,0,0,0
2451.TW,-187923,1715542,1985202,3216162,-241438,1607355,1901857,3520066,56000,78700,68500,-359600,-2485,29487,14845,55696
4967.TW,-623838,-95266,-327129,727948,-357304,180911,-11000,1024006,-249000,-254000,-253992,-254392,-17534,-22177,-62137,-41666
8299.TW,0,0,0,0,0,0,0,0,0,0,0,0,0,0,0,0
2605.TW,-1133527,-7906439,-10725730,1551223,-1075520,-7164683,-9807944,-1400731,0,-200000,-200000,-244000,-58007,-541756,-717786,3195954
2606.TW,20188,-1817279,-1828762,-840814,17421,-1810183,-2366337,-2599059,-3000,1000,500000,1518000,5767,-8096,37575,240245
2607.TW,66813,36734,193730,518307,61177,27805,197801,476083,0,0,0,0,5636,8929,-4071,42224
2610.TW,-3242555,4397036,15992990,28338108,-6177983,-2808928,-2434763,-1160627,2998000,7029000,18098000,28517765,-62572,176964,329753,980970
2731.TW,-26169,1716,2212,95861,-26874,3140,3675,95762,0,0,0,-7745,705,-1424,-1463,7844
5706.TW,10000,35000,-4576,42317,10000,48000,18000,94893,0,0,0,0,0,-13000,-22576,-52576
2881.TW,-2843154,-1007926,-5531907,-1125434,-6762517,-2251545,-6449274,-3556740,3820000,1538000,985000,1004383,99363,-294381,-67633,1426923
2882.TW,-1426990,1894328,-1981967,-1441215,-6790827,-3456580,-9531562,-9671530,5477000,5321000,8232000,7129678,-113163,29908,-682405,1100637
2886.TW,13653802,10983732,12880704,28731912,14469895,8605130,12227216,30315167,-1895000,-916000,-3833000,-8474040,1078907,3294602,4486488,6890785
2891.TW,-7721563,-9004338,-14486851,12190205,-13476624,-17298924,-27730676,-16990219,4756000,5970770,9630770,21957632,999061,2323816,3613055,7222792
2892.TW,3537282,6008711,10238293,50428041,-386415,-2862602,-2697987,23913076,3965000,8736000,12613000,24118507,-41303,135313,323280,2396458
1714.TW,-1364004,3374273,3489875,6694444,-1277878,3347887,3497153,6712350,0,-16000,-16000,-16000,-86126,42386,8722,-1906
5530.TW,0,0,0,0,0,0,0,0,0,0,0,0,0,0,0,0
1718.TW,-4178606,7037682,6941117,22517196,-4007597,6976509,6547996,20921973,0,-17000,-17000,-17000,-171009,78173,410121,1612223
6770.TW,-14277037,63094266,43382052,199392594,-13847496,60007538,41435529,179120266,12000,44000,29000,4302574,-441541,3042728,1917523,15969754
1326.TW,-10571551,-1390194,-3750561,-970696,-10197294,-1254659,-3987874,-2370956,336000,336000,336000,778000,-710257,-471535,-98687,622260
2540.TW,49073,113412,322784,881697,49073,105412,315784,765697,0,0,0,0,0,8000,7000,116000
2832.TW,-40214,-160116,-254547,-12347,-42301,-157671,-223767,-109150,1344,5721,-16788,97170,743,-8166,-13992,-367
3029.TW,199823,44879,547420,2002129,183865,18890,546941,2032711,0,-1660,-2304,-5005,15958,27649,2783,-25577
3022.TW,306361,-47781,281224,1931654,299999,-57024,294893,1881562,0,0,0,-1264,6362,9243,-13669,51356
2362.TW,-220571,-575177,-585785,-197554,-223880,-590288,-598896,-241750,0,0,0,0,3309,15111,13111,44196
3443.TW,-114498,-88362,291933,48638,11209,243014,812473,63981,-138000,-389200,-670200,-175158,12293,57824,149660,159815
1717.TW,-1517877,1681312,611168,-2778823,-1465360,967628,676220,-4703318,0,652000,55000,919000,-52517,61684,-120052,1005495
4938.TW,740898,-3559786,-1632714,-6056309,-879452,-5252921,-3584625,-8332552,1412000,1263939,986878,866663,208350,429196,965033,1409580
1906.TW,5000,-5000,-23000,-67000,4000,-4000,-20000,-69000,0,0,0,0,1000,-1000,-3000,2000
2887.TW,-6405738,-11666505,-14283349,-41432149,-26210812,-36024474,-41909219,-85918524,19273000,22139000,23977000,37185757,532074,2218969,3648870,7300618
2612.TW,11707,58434,123244,559874,9859,119675,192048,603027,0,0,0,0,1848,-61241,-68804,-43153
2637.TW,-188001,-1021055,-936398,2571358,-437219,-1256232,-1184120,3156148,251000,251720,251439,-621840,-1782,-16543,-3717,37050
2617.TW,-92579,-564663,-433143,340426,-94467,-558927,-427867,346105,0,0,0,0,1888,-5736,-5276,-5679
1102.TW,475306,3947068,8337688,14821901,4906071,7763422,11649231,15570120,-4754000,-4654521,-4366044,-2166508,323235,838167,1054501,1418289
2816.TW,-131030,-199768,-155981,174654,-131030,-199768,-155981,162654,0,0,0,0,0,0,0,12000
2636.TW,-63799,-54945,593086,915588,-91983,-133868,526193,785294,0,0,0,0,28184,78923,66893,130294
6278.TW,539370,2020684,280029,3227793,558673,2338569,411037,2346694,-18000,-246000,-285000,-233000,-1303,-71885,153992,1114099
3376.TW,-688104,-1412813,-2452537,-4820089,-693467,-1399342,-2418318,-4714128,0,0,0,114000,5363,-13471,-34219,-219961
2351.TW,-266712,-1131006,2264797,2789203,-317901,-665204,2924514,3593406,21000,-499000,-499000,-404000,30189,33198,-160717,-400203
1514.TW,-19469,868269,584282,1504982,-11817,868285,590660,1551076,0,0,4000,-4679,-7652,-16,-10378,-41415
1612.TW,-337281,587462,718674,1117218,-367121,536748,709130,1113527,0,-560,-5121,-9680,29840,51274,14665,13371
2897.TW,-3024522,-6649074,-8269521,-10436108,-283132,-3917684,-5505131,-7952977,-2785000,-2785000,-2785000,-2785000,43610,53610,20610,301869
2449.TW,-3531055,-20183321,-24339124,31490228,-885219,-16094361,-18927532,23786317,-2220000,-2213000,-2552710,4706378,-425836,-1875960,-2858882,2997533
2395.TW,490002,319452,1236346,3918466,351911,-463608,745588,3651013,170000,845000,484000,238030,-31909,-61940,6758,29423
3545.TW,19554,25089,17063,1377521,35469,-18013,-49303,1297115,0,40000,60000,60000,-15915,3102,6366,20406
2455.TW,-441007,-112020,1210747,-2409065,292444,432441,443268,-5385031,-1016000,-981000,-1217000,806710,282549,436539,1984479,2169256
2812.TW,-5038869,-20525146,-33578350,-34703912,-5118053,-20587184,-33596709,-33524951,0,-11000,-13000,-1883524,79184,73038,31359,704563
3023.TW,225657,511186,93833,419308,231415,495169,103349,497421,-26000,-30000,-32000,-133000,20242,46017,22484,54887
2801.TW,4214509,3083471,882682,1572208,2006588,-306696,-3462917,-26050450,2218000,3424000,4461000,25731184,-10079,-33833,-115401,1891474
2884.TW,5081336,1709162,1590549,22194068,-3630293,-12651998,-19696254,-20468575,8005000,12308000,18365000,37449118,706629,2053160,2921803,5213525
2820.TW,-933616,-1021123,-333984,6274857,-959616,-1127123,-531327,5878704,0,0,0,0,26000,106000,197343,396153
3045.TW,1609348,3056091,5473999,16662021,2259929,3494288,6245052,15152695,-852000,-1172998,-1420998,1025586,201419,734801,649945,483740
3014.TW,432150,775408,-1474209,1844792,409346,688802,-1540837,1502573,3004,54933,23688,274187,19800,31673,42940,68032
2855.TW,-1090480,-3429193,-1527234,11463749,-1640480,-3990508,-2039462,8556705,550000,561315,512228,2907044,0,0,0,0
3042.TW,3608581,2650324,3006606,12204940,1424291,-1131828,-3699441,5502266,1290000,2817000,3851000,3820300,894290,965152,2855047,2882374
2436.TW,476035,1944565,2647304,4274402,594249,1897611,2445573,3788872,0,-24000,-4000,-22000,-118214,70954,205731,507530
3016.TW,1180429,641185,15483115,23359479,1281700,899099,15395600,22836279,0,0,0,0,-101271,-257914,87515,523200
3702.TW,5768998,4849758,8607276,15597950,4888663,3501043,8167858,12435785,504000,1023000,-120000,2652532,376335,325715,559418,509633
2340.TW,13852236,19678033,19659551,23345729,13333025,17914946,17840671,21181779,0,0,0,0,519211,1763087,1818880,2163950
1101.TW,-33142312,24944805,42565937,62012910,-33232642,19295186,36661807,52134419,0,4829000,4793000,6322000,90330,820619,1111130,3556491
2371.TW,-11345071,-4071918,-5593637,7318140,-10686904,-4573407,-5723190,7024011,0,-24000,-24000,-517861,-658167,525489,153553,811990
2014.TW,-1336261,2202541,5220389,6018744,-1336261,2196541,5207389,5922744,0,0,0,0,0,6000,13000,96000
2404.TW,518966,1140253,3527384,4631325,62677,-881022,421317,675719,442000,2007000,2973000,3697000,14289,14275,133067,258606
2880.TW,-1159938,-962437,-917674,2137488,-5324635,-7386917,-8860052,1598833,2818000,2849000,2926000,-6339465,1346697,3575480,5016378,6878120
2883.TW,-12327290,-9880437,-12472860,-348260,-21895858,-22291765,-25316390,-22134461,8299000,9300000,8607000,16911647,1269568,3111328,4236530,4874554
2885.TW,-9761999,-11159184,-19041725,-7595606,-11879856,-15499394,-21963018,2450178,1528640,2733920,679920,-13730768,589217,1606290,2241373,3684984
5880.TW,-2578775,-4602784,-7921983,8787367,-2868241,-5933818,-11111848,1073659,200000,299000,537000,2447397,89466,1032034,2652865,5266311
5871.TW,-1859913,-7058955,-12346097,-27482232,-2150821,-7372961,-14487143,-30909194,256000,215510,1964019,3008747,34908,98496,177027,418215
3008.TW,34089,-631073,-1224465,-2080898,116498,-241653,-745711,-2297604,-139000,-413100,-548100,-119001,56591,23680,69346,335707
2357.TW,617146,1109390,1228256,78391,572480,1020954,1013805,277236,-9000,-93578,-49556,-438919,53666,182014,264007,240074
2912.TW,271615,40163,-604341,-1699788,279615,21163,-845341,-2807497,-9000,-23000,134000,920921,1000,42000,107000,186788
1216.TW,-834593,-1853154,-836302,732906,-1294219,-3026486,-2779856,-928962,137000,56000,181000,-361847,322626,1117332,1762554,2023715
1301.TW,-5981302,25390638,25695154,25128914,-5524115,24315609,24106149,23329399,0,486000,486000,484000,-457187,589029,1103005,1315515
1304.TW,-140776,1178213,1531118,3672318,-126740,1299349,2022242,4224873,0,0,0,0,-14036,-121136,-491124,-552555
1605.TW,-3164330,16004330,11557083,14748111,-3312650,11885917,7559887,10563578,261000,3607000,3614000,3194673,-112680,511413,383196,989860
1504.TW,191504,554991,195703,-5517985,140504,534537,1000034,-7035058,10000,0,-752000,996936,41000,20454,-52331,520137
2207.TW,25130,-21716,-202983,-292817,-711,-58181,-259834,-255300,26000,33000,50000,-103732,-159,3465,6851,66215
2301.TW,1195760,-6057217,-8441240,-12240287,999047,-6270763,-7967959,-10487683,-169000,-180000,-844000,-1088448,365713,393546,370719,-664156
2323.TW,0,6203212,5058704,8898827,0,6008260,4973551,8415082,0,100,100,100,0,194852,85053,483645
2352.TW,-477408,1898486,1101591,6127889,-421846,1931759,1313236,6109757,0,-22000,-22000,-120000,-55562,-11273,-189645,138132
2360.TW,-807915,-1739289,-1164736,-931468,307909,351422,1283699,1666067,-1192000,-2190000,-2703000,-2954202,76176,99289,254565,356667
2377.TW,1146456,1010486,852547,6973208,902765,325907,259284,4723347,139000,510000,481000,1257212,104691,174579,112263,992649
2385.TW,922506,1412346,2016168,2355828,891469,1349600,1988299,2447391,-24000,-72886,-133872,-353933,55037,135632,161741,262370
2393.TW,177768,1060547,596341,2394541,198688,1384245,1615420,3531245,-22920,-307623,-999201,-617963,2000,-16075,-19878,-518741
2412.TW,3566823,6294153,13633090,39398352,3507823,6207153,12703110,39511363,420000,338000,1387000,-277991,-361000,-251000,-457020,164980
4904.TW,984300,1585300,2624753,4251230,154780,170780,-149956,643110,511000,507000,1514000,1763822,318520,907520,1260709,1844298
2458.TW,308376,103757,-352437,-1118550,40159,-267339,-774789,-1523880,250000,354805,393610,155733,18217,16291,28742,249597
3034.TW,603360,2752525,2073861,7027119,470145,2772931,2074272,6239301,118000,-200407,-186815,166560,15215,180001,186404,621258
3529.TW,0,0,0,0,0,0,0,0,0,0,0,0,0,0,0,0
3533.TW,159673,230257,-488704,-448533,113812,-58408,-793654,-627711,0,239000,355000,118655,45861,49665,-50050,60523
3661.TW,-161557,-182934,-220677,-873417,-162751,-176047,-186124,1510412,-1000,-4000,-27000,-2579724,2194,-2887,-7553,195895
5269.TW,42867,-24440,11807,1164451,25287,-49825,-516,1153840,0,-1000,8000,8587,17580,26385,4323,2024
6147.TW,0,0,0,0,0,0,0,0,0,0,0,0,0,0,0,0
6485.TW,0,0,0,0,0,0,0,0,0,0,0,0,0,0,0,0
6531.TW,-187140,-1919478,-764380,-408505,-179567,-1794882,-874276,-475470,-7000,-16000,189620,119620,-573,-108596,-79724,-52655
6643.TW,0,0,0,0,0,0,0,0,0,0,0,0,0,0,0,0
6757.TW,-73375,101212,-18487,-65100,-67375,158665,70966,-2647,0,0,0,0,-6000,-57453,-89453,-62453
1476.TW,-58126,461920,751544,-1539478,-144626,189749,485615,-2067231,91000,275000,261000,479786,-4500,-2829,4929,47967
9910.TW,517022,515169,1565932,2422842,303565,241741,1165830,298685,212000,269000,394000,2082192,1457,4428,6102,41965
2354.TW,-3206079,-118457,600345,853044,-3042084,65520,990782,1010275,0,2000,2000,-98000,-163995,-185977,-392437,-59231
2305.TW,-3239768,-3558648,-3521804,7370553,-3216451,-3546331,-3540487,7299607,0,-2000,-2000,-2000,-23317,-10317,20683,72946
2328.TW,195285,1020200,1209397,2722853,211174,1026085,1263322,2447284,0,0,0,0,-15889,-5885,-53925,275569
2355.TW,-427180,-217307,17415,625315,-432312,-234559,5441,578173,0,0,0,0,5132,17252,11974,47142
2347.TW,4187304,4762829,8367220,9236430,3259389,3530119,6691816,7654485,800000,943940,1327979,1078812,127915,288770,347425,503133
2492.TW,17771490,4505761,2727319,2030523,16492161,5002533,2936219,3676707,0,-1067000,-1066000,-2772000,1279329,570228,857100,1125816
3019.TW,459991,1166875,-2650893,-3139891,457114,1085704,-2638511,-3563649,0,0,0,0,2877,81171,-12382,423758
3044.TW,29287,-273289,-484572,870688,218222,169641,-61312,854775,-250000,-561000,-530000,-44322,61065,118070,106740,60235
6166.TW,336,114274,441820,1251031,1828,259445,368896,1119072,0,0,0,0,-1492,-145171,72924,131959
6187.TW,0,0,0,0,0,0,0,0,0,0,0,0,0,0,0,0
8070.TW,163000,514510,268122,850066,79000,418388,116388,241849,0,-3370,-7741,368041,84000,99492,159475,240176
1513.TW,-515593,1555199,2476214,5223589,-561271,1303232,2174829,3451759,-4000,103000,104000,1334917,49678,148967,197385,436913
1522.TW,-45706,187983,355155,246257,-44980,210002,377174,249257,0,0,0,0,-726,-22019,-22019,-3000
2049.TW,49352,1180963,248488,-291609,68100,1130954,198524,-247781,0,0,1000,-5419,-18748,50009,48964,-38409
2105.TW,-83118,2906890,2848288,-4856422,-1064864,1373889,810055,-7873048,737000,842047,1107092,1612347,244746,690954,931141,1404279
2201.TW,-583912,-1420361,-2533771,-6854527,-588395,-1473130,-2597117,-7372878,0,0,11000,-142000,4483,52769,52346,660351
2204.TW,-30035,-189500,-359244,-505540,-32950,-218999,-324835,-780975,3563,19233,-43340,225704,-648,10266,8931,49731
2206.TW,192384,-5566,73476,309121,188383,-21567,49475,374120,0,2000,5000,-142000,4001,14001,19001,77001
2542.TW,-2825547,-5605752,-4933106,-6320530,-65613,-2765666,-4237252,-18124718,-2734000,-2672500,1037500,14204889,-25934,-167586,-1733354,-2400701
2548.TW,-272000,-1383142,-1754841,-1212311,-162856,-1268893,-1591414,-1110274,0,12600,15400,12400,-109144,-126849,-178827,-114437
2845.TW,-6946142,-12083230,-16067194,-12986754,-3426217,-8101229,-11247594,-8187734,-3355564,-3355564,-2627564,-2980564,-164361,-626437,-2192036,-1818456
2890.TW,-5209348,-5708498,-6837861,1104468,-9462211,-12897232,-18082980,-35846641,3287000,4691000,8204000,31863930,965863,2497734,3041119,5087179
9904.TW,-476323,-1586565,3103105,5975960,-715160,-2159764,2579531,-5018440,8000,86259,228517,9945379,230837,486940,295057,1049021
9933.TW,530777,-403912,-554399,-408969,1406987,433341,283017,564070,-835000,-849800,-848800,-924700,-41210,12547,11384,-48339
9945.TW,154712,505387,2708096,10482493,-585725,-196852,1942314,6321787,693000,701000,701000,2845000,47437,1239,64782,1315706
6415.TW,-546,-404280,-625700,130542,16808,-278339,-394698,467587,-28000,-138000,-228000,-261000,10646,12059,-3002,-76045
2379.TW,1213870,2280155,3166590,10274100,739632,1700015,1866650,8939758,375000,573000,1199000,1008533,99238,7140,100940,325809
3059.TW,-400116,3319,480808,608601,-392000,-376,482717,625958,0,0,0,0,-8116,3695,-1909,-17357
2474.TW,197088,-562276,-1297337,-1426429,225588,-545057,-1868086,-4160635,-17000,-37000,658000,2542595,-11500,19781,-87251,191611
3036.TW,1462878,-951588,353206,-932416,787766,-1440735,139785,-5661481,-38000,-68000,-427000,3272223,713112,557147,640421,1456842
3515.TW,166713,195086,77343,719248,164385,195385,120526,725396,0,0,0,-436,2328,-299,-43183,-5712
3706.TW,5023733,5649442,2735956,1933590,4372052,5078462,4789483,6455347,50000,35000,-2526000,-4551175,601681,535980,472473,29418
3715.TW,172873,410967,-1392219,235061,185906,317866,-1348137,60345,0,0,0,0,-13033,93101,-44082,174716
4919.TW,642798,-22191,-8124268,-14874687,373394,-647421,-8397904,-15461118,0,41000,62000,-321515,269404,584230,211636,907946
5347.TW,0,0,0,0,0,0,0,0,0,0,0,0,0,0,0,0
5371.TW,0,0,0,0,0,0,0,0,0,0,0,0,0,0,0,0
5483.TW,0,0,0,0,0,0,0,0,0,0,0,0,0,0,0,0
6176.TW,-97719,-510066,-1114346,-2075147,-102970,-486084,-1071464,-1971928,0,-30000,-47000,-84069,5251,6018,4118,-19150
6202.TW,-310936,-499358,-62385,753953,-330607,-531152,-126888,635135,0,30000,50000,50000,19671,1794,14503,68818
6409.TW,-94315,-28616,-66077,-50937,-91583,-22611,-49789,55047,9000,1000,-1020,-92621,-11732,-7005,-15268,-13363
1229.TW,347181,-738821,36535,-2039109,1103681,-18651,742705,-1245994,-771500,-768500,-754500,-764383,15000,48330,48330,-28732
1231.TW,92060,63703,81114,141634,90060,48363,66063,136830,0,0,0,-17320,2000,15340,15051,22124
1210.TW,31857,-643565,-854646,-1239664,-173337,-859060,-1114101,-1441737,200000,200000,202000,51000,5194,15495,57455,151073
1215.TW,-70921,-220678,-734796,-2025645,-69922,-218215,-732595,-2041828,0,0,0,-2000,-999,-2463,-2201,18183
1234.TW,-7570,-67032,-83033,-54561,-8000,-67000,-83000,-68000,0,0,0,0,430,-32,-33,13439
1707.TW,-45078,-420867,-490727,-820637,-45128,-422542,-491747,-817457,0,2000,2000,2000,50,-325,-980,-5180
1722.TW,-512741,-771493,-2796149,-4880887,-512437,-756493,-2783149,-5229887,0,0,1000,250000,-304,-15000,-14000,99000
1723.TW,-231605,-463058,-636567,-1271915,-202765,-421416,-597416,-1194549,0,-3000,-3000,-21000,-28840,-38642,-36151,-56366
1736.TW,5859,212513,473678,641010,4093,207784,469927,909245,0,0,0,-268000,1766,4729,3751,-235
1789.TW,62161,138469,50790,56508,62161,127547,39699,-22596,0,0,0,0,0,10922,11091,79104
1904.TW,-1310220,-1753443,-1306087,-87546,-1330220,-1802443,-1343460,-68016,0,0,0,-75000,20000,49000,37373,55470
1907.TW,-697008,-741753,-1170393,-1312053,-121279,-134024,-574664,-757701,-589000,-586000,-582000,-623623,13271,-21729,-13729,69271
1909.TW,-509000,-814373,-1603808,-2304387,-520000,-799373,-1583808,-2706060,0,0,0,0,11000,-15000,-20000,401673
2023.TW,402506,294233,76877,-2162651,401579,302306,81950,-2245578,0,2000,5000,-10000,927,-10073,-10073,92927
2029.TW,-203251,85774,99478,67696,-203251,93774,107478,89314,0,0,0,0,0,-8000,-8000,-21618
2031.TW,-142133,1095031,1610029,2986133,-150665,1067763,1599845,2956588,0,1103,-2795,-6691,8532,26165,12979,36236
2103.TW,-92511,1000291,2343895,6545303,-84649,1090796,2430481,6679989,0,0,0,0,-7862,-90505,-86586,-134686
2106.TW,-99876,-459293,-291659,-2754312,-137876,-464876,-297242,-2864420,0,0,0,12000,38000,5583,5583,98108
2108.TW,-243466,-382685,-294841,184336,-254000,-409759,-329916,96105,0,0,0,0,10534,27074,35075,88231
2302.TW,1902637,2674274,1657126,4433733,1896169,2639852,1490231,4147512,0,-1961,-1961,-1961,6468,36383,168856,288182
2314.TW,0,-1526,-1526,-1526,0,-1526,-1526,-1526,0,0,0,0,0,0,0,0
2342.TW,341765,265998,-5852639,-2335297,345342,204065,-5965837,-2486252,0,0,0,0,-3577,61933,113198,150955
2349.TW,-1121338,-1053205,-1336029,-1950455,-1121338,-1056205,-1339029,-1966455,0,0,0,0,0,3000,3000,16000
2363.TW,1362869,2054485,-734699,6013554,761390,1036310,-1158448,3564667,0,40000,60000,60000,601479,978175,363749,2388887
2367.TW,-191501,1750973,2250542,3244023,-107588,1695145,2232388,3425307,0,0,0,0,-83913,55828,18154,-181284
2369.TW,-107625,3404270,1572294,-3973351,-94050,3357411,1537826,-4003842,0,0,0,0,-13575,46859,34468,30491
2373.TW,4000,5000,1000,25000,2000,6000,2000,17000,0,0,0,0,2000,-1000,-1000,8000
2388.TW,372835,2209215,585252,-2247127,360333,2113846,549406,-2581621,0,50000,90000,90000,12502,45369,-54154,244494
2402.TW,-368987,766955,772644,666730,-292009,610754,654259,648016,0,0,0,0,-76978,156201,118385,18714
2417.TW,-32960,121062,191063,451253,-32960,121041,191042,445232,0,21,21,21,0,0,0,6000
2420.TW,565087,660233,681021,699712,563208,663779,696779,704630,0,13,13,13,1879,-3559,-15771,-4931
2425.TW,85124,150285,205285,522294,85114,151275,206275,573941,10,-1990,-1990,-1990,0,1000,1000,-49657
2439.TW,-151014,-386082,191871,2318893,-141108,-383998,280762,2409695,0,-2000,-3000,-4212,-9906,-84,-85891,-86590
2441.TW,-822471,-848665,-2230538,6324465,-892440,-995782,-891159,7948004,106000,159000,-1206000,-1702000,-36031,-11883,-133379,78461
2464.TW,673911,2012273,218639,-703246,700633,2089397,205402,-995510,79000,79000,79000,113000,-105722,-156124,-65763,179264
2472.TW,-212485,-526047,-1495826,-2338237,-265228,-569200,-1381833,-61679,0,0,-168000,-2337800,52743,43153,54007,61242
2476.TW,211445,507909,896846,1816012,-23356,232516,315080,707842,0,0,0,0,234801,275393,581766,1108170
2480.TW,-10640,-59912,-44207,565355,-10581,-60977,-44746,565710,0,-1161,-2322,-4173,-59,2226,2861,3818
2495.TW,-191417,175658,492179,677930,-187415,191620,514251,689260,0,40,40,40,-4002,-16002,-22112,-11370
2501.TW,-1218808,-1781346,-3156962,-7541671,-1224238,-1772238,-3147238,-7505121,0,0,0,0,5430,-9108,-9724,-36550
2504.TW,-485142,-2184507,-4124535,-6036861,-519896,-2228518,-4057374,-6846267,8754,29253,-115306,612705,26000,14758,48145,196701
2509.TW,5000,-45000,-44000,3000,5000,-45000,-44000,-1000,0,0,0,0,0,0,0,4000
2511.TW,-107632,-175632,-609252,-864499,-107633,-184633,-618253,-1145500,0,0,0,0,1,9001,9001,281001
2515.TW,-418369,-1563630,190730,-994057,-480129,-1550439,205961,-896617,0,0,0,-108829,61760,-13191,-15231,11389
2520.TW,131758,-517072,-77423,1525695,614799,-27695,388335,1977068,-488000,-488000,-488000,-532900,4959,-1377,22242,81527
2530.TW,-13987,78964,-50477,-288195,-27000,98630,50122,-57413,5013,27334,-53599,374343,8000,-47000,-47000,-605125
2534.TW,66788,238785,263580,601780,66788,237788,262938,558138,0,0,0,0,0,997,642,43642
2535.TW,-67994,-51100,29555,117429,-71567,-57235,29438,111352,0,0,0,-9000,3573,6135,117,15077
2539.TW,59830,245719,206547,540486,58830,256598,198702,571365,0,-26620,-26620,-155620,1000,15741,34465,124741
2615.TW,227042,-1322502,-2618537,5921460,246465,-267206,-1138865,6200189,189000,152000,-55000,-1081186,-208423,-1207296,-1424672,802457
2634.TW,1238072,1587071,920759,4060313,883818,1027813,835576,2003878,368000,360000,362000,407000,-13746,199258,-276817,1649435
2645.TW,108495,301312,22841,373559,76099,239864,194719,505859,-6000,-6000,-6000,-362000,38396,67448,-165878,229700
6412.TW,-151848,-170968,-250760,66555,-133820,-135893,-200093,93469,0,0,5000,3764,-18028,-35075,-55667,-30678
2834.TW,-16949319,-26211643,-40399396,-34355696,-16910296,-26060861,-40240406,-31453012,0,9000,2000,-4288267,-39023,-159782,-160990,1385583
2836.TW,-1314870,-2752383,-3821847,-4715473,-1314870,-2754383,-3813802,-4849877,0,0,0,0,0,2000,-8045,134404
6510.TW,0,0,0,0,0,0,0,0,0,0,0,0,0,0,0,0
2903.TW,-1319241,-1961332,-2095358,-2429878,-554741,-1950765,-2270791,-2636144,-797500,-179500,5500,-66500,33000,168933,169933,272766
2915.TW,185177,303735,1227601,2614609,176042,266657,1149107,3231997,0,0,0,-487000,9135,37078,78494,-130388
3010.TW,73468,-69800,46895,-368399,63080,-84241,39454,-369857,0,-1000,-2000,-5833,10388,15441,9441,7291
3026.TW,1692293,-208781,1952704,525537,1445859,-619285,1412564,-1471921,197000,417000,583000,1885300,49434,-6496,-42860,112158
3030.TW,228311,607318,810279,874693,105246,423064,641394,682165,0,0,0,1300,123065,184254,168885,191228
3032.TW,110128,70278,546499,731159,110128,70278,562250,757512,0,0,0,0,0,0,-15751,-26353
3047.TW,-70000,351447,317970,778104,-70000,337452,303452,756708,0,0,0,0,0,13995,14518,21396
3056.TW,1771,-126629,19609,1575369,3016,-126984,23016,1547378,0,0,0,0,-1245,355,-3407,27991
3094.TW,1913634,1138625,-1856891,3345465,1831961,1035953,-1944412,3223244,0,0,0,0,81673,102672,87521,122221
3167.TW,2104977,771377,1159792,-293877,1966437,649161,1051435,-755247,118000,118000,118000,462000,20540,4216,-9643,-630
3209.TW,-69867,-591898,-605784,-186964,-72589,-611483,-625538,-170718,0,32,32,32,2722,19553,19722,-16278
3227.TW,0,0,0,0,0,0,0,0,0,0,0,0,0,0,0,0
3293.TW,0,0,0,0,0,0,0,0,0,0,0,0,0,0,0,0
3450.TW,-1235408,-2238528,-4033587,-7706846,-274807,-1640723,-3045972,-9310001,-921000,-534000,-871000,1878000,-39601,-63805,-116615,-274845
3491.TW,0,0,0,0,0,0,0,0,0,0,0,0,0,0,0,0
3552.TW,0,0,0,0,0,0,0,0,0,0,0,0,0,0,0,0
3596.TW,-271816,-680997,-1423723,-2487302,-288651,-702325,-1445395,-2443310,0,0,0,-592,16835,21328,21672,-43400
3617.TW,-6582,115564,205166,327819,-5305,112199,220073,317038,0,0,0,49485,-1277,3365,-14907,-38704
3653.TW,19659,-320810,-359744,-214803,-25026,-548061,-843088,-784505,42000,213738,438738,557910,2685,13513,44606,11792
3680.TW,0,0,0,0,0,0,0,0,0,0,0,0,0,0,0,0
4105.TW,0,0,0,0,0,0,0,0,0,0,0,0,0,0,0,0
4123.TW,0,0,0,0,0,0,0,0,0,0,0,0,0,0,0,0
4147.TW,0,0,0,0,0,0,0,0,0,0,0,0,0,0,0,0
4763.TW,-5396934,-1582764,-8330521,-6646073,-3149227,315261,-6070805,-7328859,-1982000,-1964000,-1961000,1080520,-265707,65975,-298716,-397734
4766.TW,24076,24294,90928,243248,23076,23538,90188,257402,0,0,0,-15000,1000,756,740,846
5009.TW,0,0,0,0,0,0,0,0,0,0,0,0,0,0,0,0
5314.TW,0,0,0,0,0,0,0,0,0,0,0,0,0,0,0,0
5425.TW,0,0,0,0,0,0,0,0,0,0,0,0,0,0,0,0
5484.TW,-33995,11005,5988,14881,-34000,12000,6983,10876,5,5,5,5,0,-1000,-1000,4000
6121.TW,0,0,0,0,0,0,0,0,0,0,0,0,0,0,0,0
6138.TW,0,0,0,0,0,0,0,0,0,0,0,0,0,0,0,0
6182.TW,0,0,0,0,0,0,0,0,0,0,0,0,0,0,0,0
0050.TW,-19446593,-91378787,-114479160,-89786330,-25199196,-98659390,-141072968,-173525342,130000,7380000,9580000,17991000,5622603,-99397,17013808,65748012
006208.TW,466950,-631061,-402148,2449478,52761,-452263,-191820,131312,0,-198000,-198000,-595000,414189,19202,-12328,2913166
00692.TW,142273,562393,1335752,2662495,-20088,-78995,-133973,126886,0,0,0,0,162361,641388,1469725,2535609
00713.TW,-1158682,-14255470,-20886233,-29914148,-128739,-788823,-1382525,-2070254,0,0,-150000,272000,-1029943,-13466647,-19353708,-28115894
00850.TW,87383,-152475,69215,1296565,6156,209109,224094,160713,15000,-327000,-377000,-392000,66227,-34584,222121,1527852
00881.TW,2611952,-804929,4197393,32075760,-344686,-2566411,-1716440,8432073,0,0,0,0,2956638,1761482,5913833,23643687
00900.TW,2137030,6761564,8981548,28758145,706000,4049000,4636111,11337133,0,0,0,0,1431030,2712564,4345437,17421012
00915.TW,287651,941255,1528491,5371731,-28000,724000,844000,1981000,0,0,0,0,315651,217255,684491,3390731
00918.TW,-16244111,-58030999,-99438945,-526746632,-1665750,-2005656,-1057327,-2410111,0,0,0,0,-14578361,-56025343,-98381618,-524336521
00919.TW,-103410861,-138234613,-234051747,-377935914,-5769347,-7744113,-17759833,-28589775,0,0,0,-200000,-97641514,-130490500,-216291914,-349146139
00922.TW,-3272179,-10442098,-11916785,-19640967,-210650,-1244234,-1502734,-12734686,0,0,0,1440000,-3061529,-9197864,-10414051,-8346281
00923.TW,819125,-97104,940142,10454553,65000,458061,254089,1124916,0,0,0,1000000,754125,-555165,686053,8329637
00927.TW,-29997583,-40577258,-53005827,-26472033,-11493300,-12912270,-21452240,-8395442,0,0,0,0,-18504283,-27664988,-31553587,-18076591
00929.TW,2055755,4810311,-3272860,-2091786,2438500,6205661,684314,16727411,0,0,3500000,3500000,-382745,-1395350,-7457174,-22319197
00935.TW,159719,-6083669,-11235091,-9455214,401115,-1760119,-5637593,6138449,486000,1076000,121000,344000,-727396,-5399550,-5718498,-15937663
00939.TW,-1015081,-553653,-746602,-1743284,-701000,515202,-143798,-3226798,0,0,0,0,-314081,-1068855,-602804,1483514
00940.TW,5559688,15619845,19617462,84404626,-566989,1751013,423025,7544446,0,0,0,0,6126677,13868832,19194437,76860180
00944.TW,78906,207118,304153,544135,7000,-12000,12044,107044,0,0,0,0,71906,219118,292109,437091
00946.TW,944809,2440410,3618557,8255539,-11000,571000,391000,1185000,0,0,0,0,955809,1869410,3227557,7070539
00757.TW,112430,132062,-685336,-599207,-91844,-48749,181145,965799,0,0,0,0,204274,180811,-866481,-1565006
1536.TW,-165452,-195250,-26618,-486170,-159000,-195080,-27000,-514349,0,0,0,0,-6452,-170,382,28179
1589.TW,0,0,0,0,0,0,0,0,0,0,0,0,0,0,0,0
1590.TW,-45928,-61794,-224565,-1371894,-47011,-15274,-168224,-1351920,3000,-45000,-41000,-36092,-1917,-1520,-15341,16118
1609.TW,-1442928,-1490204,-587964,1978762,-1478071,-1606223,-706614,1788845,0,0,0,-26000,35143,116019,118650,215917
1611.TW,-256634,-96099,-572155,-2665371,-274634,-103099,-575154,-3541117,0,0,0,0,18000,7000,2999,875746
1702.TW,52167,199210,315009,648830,49199,197427,312538,624025,0,0,0,0,2968,1783,2471,24805
1710.TW,618166,2364429,1215888,5717969,407108,2219164,1376560,5227027,0,0,0,0,211058,145265,-160672,490942
1726.TW,998,-3002,-75002,-83217,-1002,-5002,-77002,-90217,0,0,0,0,2000,2000,2000,7000
1734.TW,-25900,-86923,-179039,-353300,-25900,-86923,-179039,-352300,0,0,0,0,0,0,0,-1000
1737.TW,-33000,-145124,-278124,-1522181,-38000,-150124,-283124,-1577181,0,0,0,0,5000,5000,5000,55000
1808.TW,-552190,-842131,-1837531,1252173,469810,205869,-13531,2912173,-1033000,-1033000,-1362000,-1362000,11000,-15000,-462000,-298000
1810.TW,-486892,798010,1340114,2479509,-491892,791253,1332357,2530788,0,0,0,-57279,5000,6757,7757,6000
1905.TW,-946176,-1988218,-1729300,-1330555,-957448,-1978032,-1771773,-1318253,0,0,0,0,11272,-10186,42473,-12302
2006.TW,-469145,-923828,-136922,4030053,610036,-240921,-270372,5384032,-1098000,-707258,121484,-1413956,18819,24351,11966,59977
2015.TW,7451,-23969,-24007,-211528,-549,-34969,-36007,-270528,0,0,0,0,8000,11000,12000,59000
2020.TW,-686244,-921544,-610544,-620268,-641000,-898748,-581748,-605472,0,0,0,0,-45244,-22796,-28796,-14796
2034.TW,695532,-1246206,1985134,4214656,842072,-1398716,1808977,4027432,0,0,0,0,-146540,152510,176157,187224
2104.TW,-522276,890312,4760128,8766227,-543563,834252,4612161,8545260,0,0,0,0,21287,56060,147967,220967
2227.TW,2970,-2116,-13162,11492,2970,-2116,-13162,3492,0,0,0,0,0,0,0,8000
2231.TW,-63379,15100,16080,210054,-58837,30294,36842,216996,0,0,0,0,-4542,-15194,-20762,-6942
2233.TW,-12950,-2975,-112312,-136448,-17760,-2591,-109591,-134391,0,0,0,0,4810,-384,-2721,-2057
2387.TW,-431,-76970,-59689,184710,-3000,-97992,-40625,-3024,2394,10189,-29897,170411,175,10833,10833,17323
2390.TW,-74000,-57000,-37597,524187,-74000,-54000,-33597,519187,0,0,0,0,0,-3000,-4000,5000
2405.TW,-425000,244,455244,1272244,-434000,-8799,446201,1256201,0,43,43,43,9000,9000,9000,16000
2413.TW,-313798,-299261,-45414,309691,-313493,-300568,-46163,304161,0,31,31,31,-305,1276,718,5499
2428.TW,219436,-25647,-171418,-595961,199455,-40640,-160067,-580145,0,-1000,-18000,-18000,19981,15993,6649,2184
2457.TW,-411145,113367,235936,971412,-390069,95670,305309,954224,0,0,0,0,-21076,17697,-69373,17188
2467.TW,-134173,-313011,-430432,-1216728,94690,-91718,-205801,-1032235,-221000,-221000,-222000,-222000,-7863,-293,-2631,37507
2471.TW,1005,56257,212823,837034,-10000,47252,232818,833029,5,5,5,5,11000,9000,-20000,4000
2481.TW,10289001,2660966,-1791285,7164797,9543522,2787466,-1430169,-528325,73000,253000,264000,7229600,672479,-379500,-625116,463522
2505.TW,-17630,-230778,-409952,-1235852,-8630,-216778,-341952,-1850852,0,0,0,0,-9000,-14000,-68000,615000
2516.TW,43052,51052,214021,312916,36050,44050,203019,294914,0,0,0,0,7002,7002,11002,18002
2524.TW,1000,-5000,-32000,-14000,1000,-7000,-34000,-41000,0,0,0,0,0,2000,2000,27000
2538.TW,-127000,-285780,-267900,-4255040,-125000,-180780,-162900,-4260040,0,0,0,0,-2000,-105000,-105000,5000
2543.TW,-41783,439044,559172,1122669,-41783,438983,558645,1098529,0,0,0,-20000,0,61,527,44140
2545.TW,-569,91848,104905,290980,-5569,92431,105488,264663,0,0,0,0,5000,-583,-583,26317
2546.TW,-5681,-32159,1593,81347,14879,-18599,21326,80080,-19560,-19560,-19560,-19560,-1000,6000,-173,20827
2608.TW,-8013,-29453,-99452,-103616,-30000,-55000,-115000,-271831,0,0,0,0,21987,25547,15548,168215
2633.TW,-1352187,-6130703,-8790214,-23350710,21313,-5210138,-8969649,-28153312,-1385500,-948500,115500,4536104,12000,27935,63935,266498
2727.TW,-13575,220680,523883,199743,-16438,337485,775688,557676,0,-99000,-191000,-221000,2863,-17805,-60805,-136933
2739.TW,10000,-6050,-67050,-93050,10000,-7050,-70050,-92050,0,0,0,0,0,1000,3000,-1000
2753.TW,305777,360234,366899,413905,304640,360015,377927,366947,617,1699,-9548,41784,520,-1480,-1480,5174
2850.TW,-401648,-222469,-24487,100334,-177707,-24477,170909,265978,-224000,-224000,-224000,-223000,59,26008,28604,57356
2851.TW,-850852,-964596,-54666,2725219,11422,-50468,1028428,4071877,-834000,-840000,-840000,-632000,-28274,-74128,-243094,-714658
2867.TW,0,0,0,0,0,0,0,0,0,0,0,0,0,0,0,0
2905.TW,-518007,127590,-284424,1356278,-534007,77310,-355857,1248308,0,0,0,0,16000,50280,71433,107970
2908.TW,38240,-136199,-128189,23015,38240,-136199,-128189,9015,0,0,0,0,0,0,0,14000
2913.TW,56490,622290,379861,-632013,56000,642800,672371,-982503,0,0,0,0,490,-20510,-292510,350490
2923.TW,7000,34010,-66990,159010,18000,52010,-46990,130010,0,0,0,0,-11000,-18000,-20000,29000
3003.TW,-9448,91881,520829,527732,-9426,91907,534023,573657,0,0,0,0,-22,-26,-13194,-45925
3005.TW,317717,411700,-117692,3328358,257913,241749,-177595,1897366,1239,29173,-93650,1091251,58565,140778,153553,339741
3033.TW,-502106,113397,-937699,-2849969,-464166,371153,-391056,-2017942,0,-4686,-9326,-16165,-37940,-253070,-537317,-815862
3048.TW,-112081,-292343,-368337,-473003,-126081,-310016,-361937,-498781,0,0,0,0,14000,17673,-6400,25778
3055.TW,55055,-939066,643601,1271238,48000,-946863,792424,1291532,0,0,0,0,7055,7797,-148823,-20294
3057.TW,-6000,13000,4000,130993,-5000,14000,4000,132000,0,0,0,0,-1000,-1000,0,-1007
3060.TW,63453,78829,19006,49342,60542,68336,8438,31362,24,-2976,-2976,-2976,2887,13469,13544,20956
3090.TW,936050,248558,228953,1843955,815311,191172,96742,1542189,0,-3000,78000,220000,120739,60386,54211,81766
3130.TW,-43409,-100409,-132409,-251409,-43409,-100409,-132409,-251409,0,0,0,0,0,0,0,0
3406.TW,-355181,-465356,-616421,-4302321,-395355,-422761,-508988,-4215760,11000,13000,-59000,-7000,29174,-55595,-48433,-79561
3413.TW,11638,158739,382725,454364,12887,152746,379665,428804,0,0,0,0,-1249,5993,3060,25560
3416.TW,-832,-5776,-71791,-228969,-8836,-27730,-91730,-266091,0,7,7,7,8004,21947,19932,37115
3504.TW,106069,209673,-159099,-456270,107000,207330,-162351,-129584,0,10,10,10,-931,2333,3242,-326696
3532.TW,-408416,-1497180,-164381,-53651,-125247,-995109,185304,93673,-155000,-154000,-75000,20000,-128169,-348071,-274685,-167324
3583.TW,-196869,-273052,-495181,-390461,-195178,-296603,-495452,-344376,0,0,0,-73000,-1691,23551,271,26915
