event_date,stock_id,stock_name,lead_factor,event_type,factor_before,factor_after,factor_change,deeptrend_before,deeptrend_after,close_at_event,price_drop_after,lead_days,close_1d,return_1d,close_3d,return_3d,close_5d,return_5d,close_10d,return_10d
2026-06-09,0056.TW,元大高股息,籌碼面,因子轉弱,80.0,-80.0,-160.0,38.0,-24.0,49.45,False,,51.25,3.6400404448938257,49.59,0.28311425682507696,51.55,4.246713852376126,53.15,7.482305358948424
2026-06-09,1802.TW,台玻,技術面,因子轉弱,-20.0,-55.0,-35.0,-30.0,-44.0,62.0,True,3,63.0,1.6129032258064515,59.3,-4.354838709677424,68.2,10.000000000000005,69.3,11.774193548387093
2026-06-09,2002.TW,中鋼,技術面,因子轉弱,20.0,-20.0,-40.0,2.0,-30.0,18.65,False,,18.75,0.5361930294906243,18.55,-0.5361930294906053,18.65,0.0,19.35,3.753351206434332
2026-06-09,2002.TW,中鋼,籌碼面,因子轉弱,-15.0,-55.0,-40.0,2.0,-30.0,18.65,False,,18.75,0.5361930294906243,18.55,-0.5361930294906053,18.65,0.0,19.35,3.753351206434332
2026-06-09,2027.TW,大成鋼,技術面,因子轉弱,45.0,15.0,-30.0,42.0,18.0,41.8,False,,42.9,2.631578947368425,42.55,1.7942583732057416,41.7,-0.23923444976075198,40.55,-2.9904306220095696
2026-06-09,2027.TW,大成鋼,籌碼面,因子轉弱,60.0,30.0,-30.0,42.0,18.0,41.8,False,,42.9,2.631578947368425,42.55,1.7942583732057416,41.7,-0.23923444976075198,40.55,-2.9904306220095696
2026-06-09,2308.TW,台達電,籌碼面,因子轉弱,-50.0,-100.0,-50.0,-24.0,-44.0,2255.0,True,3,2415.0,7.095343680709535,2160.0,-4.212860310421286,2445.0,8.425720620842572,2000.0,-11.30820399113082
2026-06-09,2313.TW,華通,技術面,因子轉弱,-10.0,-35.0,-25.0,-34.0,-44.0,252.0,True,10,276.0,9.523809523809524,275.0,9.126984126984127,249.0,-1.1904761904761905,240.0,-4.761904761904762
2026-06-09,2337.TW,旺宏,技術面,因子轉弱,5.0,-20.0,-25.0,22.0,12.0,143.5,False,,145.5,1.3937282229965158,140.0,-2.4390243902439024,166.5,16.02787456445993,172.0,19.860627177700348
2026-06-09,2338.TW,光罩,技術面,因子轉弱,-20.0,-45.0,-25.0,-30.0,-40.0,46.3,False,,47.5,2.5917926565874794,46.8,1.0799136069114472,52.8,14.038876889848813,51.6,11.44708423326135
2026-06-09,2345.TW,智邦,籌碼面,因子轉弱,0.0,-45.0,-45.0,-8.0,-26.0,2420.0,True,3,2475.0,2.272727272727273,2275.0,-5.991735537190083,2520.0,4.132231404958678,2375.0,-1.859504132231405
2026-06-09,2374.TW,佳能,技術面,因子轉弱,5.0,-80.0,-85.0,-28.0,-62.0,72.6,False,,74.7,2.892561983471086,71.7,-1.2396694214875916,74.5,2.6170798898071705,75.5,3.9944903581267304
2026-06-09,2408.TW,南亞科,籌碼面,因子轉弱,50.0,-55.0,-105.0,22.0,-20.0,339.5,False,,363.0,6.9219440353460975,340.0,0.14727540500736377,425.0,25.184094256259204,443.5,30.633284241531666
2026-06-09,2409.TW,友達,技術面,因子轉弱,45.0,5.0,-40.0,-4.0,-10.0,24.4,True,3,24.0,-1.6393442622950762,23.15,-5.122950819672131,23.9,-2.0491803278688527,30.5,25.000000000000007
2026-06-09,2454.TW,聯發科,籌碼面,因子轉弱,30.0,-75.0,-105.0,14.0,-34.0,4070.0,False,,4475.0,9.950859950859952,4085.0,0.36855036855036855,4560.0,12.039312039312039,4285.0,5.282555282555283
2026-06-09,2485.TW,兆赫,技術面,因子轉弱,-20.0,-55.0,-35.0,-38.0,-42.0,63.2,True,5,68.0,7.594936708860754,64.8,2.531645569620244,60.5,-4.272151898734181,58.8,-6.962025316455706
2026-06-09,2609.TW,陽明,技術面,因子轉弱,55.0,15.0,-40.0,46.0,-26.0,51.7,False,,51.6,-0.19342359767891956,51.1,-1.1605415860735036,51.0,-1.3539651837524231,51.6,-0.19342359767891956
2026-06-09,2609.TW,陽明,籌碼面,因子轉弱,60.0,-80.0,-140.0,46.0,-26.0,51.7,False,,51.6,-0.19342359767891956,51.1,-1.1605415860735036,51.0,-1.3539651837524231,51.6,-0.19342359767891956
2026-06-09,2618.TW,長榮航,技術面,因子轉弱,60.0,5.0,-55.0,36.0,-20.0,36.4,False,,37.0,1.6483516483516523,37.7,3.571428571428583,39.75,9.203296703296708,44.0,20.879120879120883
2026-06-09,2618.TW,長榮航,籌碼面,因子轉弱,30.0,-55.0,-85.0,36.0,-20.0,36.4,False,,37.0,1.6483516483516523,37.7,3.571428571428583,39.75,9.203296703296708,44.0,20.879120879120883
2026-06-09,2707.TW,晶華,技術面,因子轉弱,70.0,50.0,-20.0,52.0,40.0,178.5,False,,178.0,-0.2801120448179272,179.5,0.5602240896358543,180.0,0.8403361344537815,180.0,0.8403361344537815
2026-06-09,2748.TW,雲品,技術面,因子轉弱,25.0,-30.0,-55.0,18.0,4.0,39.45,False,,39.5,0.1267427122940359,40.05,1.5209125475285026,40.7,3.168567807351077,39.8,0.8871989860582873
2026-06-09,3017.TW,奇鋐,技術面,因子轉弱,5.0,-20.0,-25.0,10.0,-26.0,2570.0,True,3,2545.0,-0.9727626459143969,2335.0,-9.14396887159533,2370.0,-7.782101167315175,2530.0,-1.556420233463035
2026-06-09,3017.TW,奇鋐,籌碼面,因子轉弱,20.0,-45.0,-65.0,10.0,-26.0,2570.0,True,3,2545.0,-0.9727626459143969,2335.0,-9.14396887159533,2370.0,-7.782101167315175,2530.0,-1.556420233463035
2026-06-09,3035.TW,智原,技術面,因子轉弱,-20.0,-55.0,-35.0,-30.0,-28.0,176.0,False,,186.0,5.681818181818182,178.0,1.1363636363636365,201.0,14.204545454545455,230.5,30.96590909090909
2026-06-09,3062.TW,建漢,技術面,因子轉弱,5.0,-30.0,-35.0,14.0,-44.0,26.2,True,3,26.45,0.9541984732824428,24.9,-4.961832061068705,25.15,-4.007633587786262,25.1,-4.19847328244274
2026-06-09,3062.TW,建漢,籌碼面,因子轉弱,30.0,-80.0,-110.0,14.0,-44.0,26.2,True,3,26.45,0.9541984732824428,24.9,-4.961832061068705,25.15,-4.007633587786262,25.1,-4.19847328244274
2026-06-09,3081.TWO,聯亞,技術面,因子轉弱,-10.0,-55.0,-45.0,-24.0,-52.0,2495.0,True,3,2490.0,-0.2004008016032064,2165.0,-13.226452905811623,2335.0,-6.4128256513026045,2155.0,-13.627254509018035
2026-06-09,3105.TWO,穩懋,技術面,因子轉弱,-20.0,-55.0,-35.0,-28.0,-42.0,451.5,False,,496.5,9.966777408637874,481.5,6.64451827242525,511.0,13.178294573643413,478.0,5.869324473975636
2026-06-09,3481.TW,群創,籌碼面,因子轉弱,-15.0,-55.0,-40.0,-4.0,-20.0,48.35,False,,49.1,1.5511892450879008,46.95,-2.8955532574974114,53.3,10.237849017580135,69.4,43.53671147880042
2026-06-09,4908.TWO,前鼎,技術面,因子轉弱,-30.0,-55.0,-25.0,-24.0,-24.0,204.0,True,3,222.0,8.823529411764707,192.5,-5.637254901960785,196.0,-3.9215686274509802,233.0,14.215686274509803
2026-06-09,4966.TWO,譜瑞-KY,技術面,因子轉弱,-20.0,-55.0,-35.0,-16.0,-30.0,663.0,False,,691.0,4.223227752639517,657.0,-0.904977375565611,675.0,1.809954751131222,664.0,0.1508295625942685
2026-06-09,6213.TW,聯茂,技術面,因子轉弱,5.0,-45.0,-50.0,22.0,-40.0,243.5,False,,257.0,5.544147843942506,248.0,1.8480492813141685,258.0,5.95482546201232,309.0,26.899383983572893
2026-06-09,6213.TW,聯茂,籌碼面,因子轉弱,50.0,-55.0,-105.0,22.0,-40.0,243.5,False,,257.0,5.544147843942506,248.0,1.8480492813141685,258.0,5.95482546201232,309.0,26.899383983572893
2026-06-09,6239.TW,力成,技術面,因子轉弱,5.0,-20.0,-25.0,-20.0,-30.0,309.0,False,,321.0,3.8834951456310676,333.0,7.766990291262135,346.5,12.135922330097088,338.0,9.385113268608414
2026-06-09,6274.TWO,台燿,技術面,因子轉弱,15.0,-20.0,-35.0,18.0,12.0,1535.0,True,3,1615.0,5.211726384364821,1475.0,-3.908794788273615,1570.0,2.2801302931596092,1765.0,14.983713355048861
2026-06-09,6488.TWO,環球晶,籌碼面,因子轉弱,30.0,-45.0,-75.0,8.0,-22.0,768.0,False,,803.0,4.557291666666666,786.0,2.34375,950.0,23.697916666666664,965.0,25.651041666666668
2026-06-09,6669.TW,緯穎,技術面,因子轉弱,55.0,15.0,-40.0,-2.0,-12.0,5275.0,True,5,5300.0,0.47393364928909953,5445.0,3.2227488151658767,4880.0,-7.488151658767772,4605.0,-12.701421800947868
2026-06-09,7769.TW,鴻勁,籌碼面,因子轉弱,-15.0,-45.0,-30.0,-14.0,-32.0,7035.0,True,10,6945.0,-1.279317697228145,7055.0,0.28429282160625446,7360.0,4.619758351101635,6755.0,-3.9800995024875623
2026-06-09,8215.TW,明基材,籌碼面,因子轉弱,50.0,-80.0,-130.0,22.0,-30.0,27.85,False,,28.8,3.411131059245958,28.55,2.5134649910233366,29.15,4.66786355475762,30.25,8.617594254937158
2026-06-09,9105.TW,泰金寶-DR,技術面,因子轉弱,45.0,5.0,-40.0,-4.0,-10.0,10.35,True,1,9.71,-6.1835748792270415,9.24,-10.724637681159416,9.55,-7.729468599033806,10.0,-3.3816425120772915
2026-06-10,1303.TW,南亞,籌碼面,因子轉弱,80.0,30.0,-50.0,34.0,18.0,99.2,False,,96.9,-2.318548387096771,106.5,7.3588709677419315,115.0,15.927419354838706,155.0,56.25
2026-06-10,2317.TW,鴻海,籌碼面,因子轉弱,50.0,-80.0,-130.0,26.0,-30.0,277.5,True,1,258.5,-6.846846846846846,260.5,-6.126126126126126,269.0,-3.063063063063063,257.5,-7.207207207207207
2026-06-10,2329.TW,華泰,技術面,因子轉弱,-20.0,-45.0,-25.0,-40.0,-40.0,56.2,True,1,52.3,-6.93950177935944,53.8,-4.2704626334519675,54.0,-3.9145907473309656,56.9,1.24555160142348
2026-06-10,2337.TW,旺宏,技術面,因子轉弱,-20.0,-45.0,-25.0,12.0,-58.0,145.5,True,1,140.0,-3.7800687285223367,146.5,0.6872852233676976,166.5,14.432989690721648,161.5,10.996563573883162
2026-06-10,2337.TW,旺宏,籌碼面,因子轉弱,50.0,-100.0,-150.0,12.0,-58.0,145.5,True,1,140.0,-3.7800687285223367,146.5,0.6872852233676976,166.5,14.432989690721648,161.5,10.996563573883162
2026-06-10,2376.TW,技嘉,籌碼面,因子轉弱,80.0,50.0,-30.0,34.0,22.0,359.0,True,1,340.0,-5.2924791086350975,370.0,3.064066852367688,348.0,-3.064066852367688,334.0,-6.963788300835655
2026-06-10,2382.TW,廣達,籌碼面,因子轉弱,60.0,30.0,-30.0,26.0,14.0,375.0,True,5,370.0,-1.3333333333333335,372.0,-0.8,362.5,-3.3333333333333335,366.5,-2.2666666666666666
2026-06-10,2383.TW,台光電,籌碼面,因子轉弱,50.0,20.0,-30.0,16.0,20.0,5065.0,True,3,5095.0,0.5923000987166831,4830.0,-4.639684106614018,5120.0,1.085883514313919,5640.0,11.352418558736426
2026-06-10,2401.TW,凌陽,籌碼面,因子轉弱,20.0,-30.0,-50.0,0.0,-20.0,26.5,False,,27.55,3.962264150943399,28.6,7.924528301886798,30.75,16.037735849056602,34.9,31.698113207547163
2026-06-10,2603.TW,長榮,籌碼面,因子轉弱,30.0,-80.0,-110.0,14.0,-30.0,222.0,True,10,226.0,1.8018018018018018,228.0,2.7027027027027026,220.5,-0.6756756756756757,185.0,-16.666666666666664
2026-06-10,2609.TW,陽明,技術面,因子轉弱,15.0,-20.0,-35.0,-26.0,-40.0,51.6,False,,52.7,2.131782945736437,52.4,1.5503875968992191,51.0,-1.1627906976744213,51.4,-0.3875968992248117
2026-06-10,2707.TW,晶華,技術面,因子轉弱,50.0,-5.0,-55.0,40.0,18.0,178.0,False,,179.5,0.8426966292134831,179.5,0.8426966292134831,180.0,1.1235955056179776,180.0,1.1235955056179776
2026-06-10,3017.TW,奇鋐,籌碼面,因子轉弱,-45.0,-80.0,-35.0,-26.0,-36.0,2545.0,True,1,2335.0,-8.25147347740668,2405.0,-5.50098231827112,2370.0,-6.8762278978389,2505.0,-1.5717092337917484
2026-06-10,3035.TW,智原,籌碼面,因子轉弱,-15.0,-55.0,-40.0,-28.0,-40.0,186.0,True,1,178.0,-4.301075268817205,184.0,-1.0752688172043012,201.0,8.064516129032258,229.0,23.118279569892472
2026-06-10,3062.TW,建漢,技術面,因子轉弱,-30.0,-55.0,-25.0,-44.0,-54.0,26.45,True,1,24.9,-5.860113421550097,25.6,-3.2136105860113338,25.15,-4.914933837429114,24.95,-5.671077504725898
2026-06-10,3163.TWO,波若威,技術面,因子轉弱,-20.0,-45.0,-25.0,-38.0,-40.0,982.0,True,1,843.0,-14.15478615071283,860.0,-12.423625254582484,876.0,-10.79429735234216,800.0,-18.533604887983707
2026-06-10,3231.TW,緯創,籌碼面,因子轉弱,50.0,-80.0,-130.0,22.0,-30.0,165.5,True,1,152.5,-7.854984894259818,156.0,-5.740181268882175,158.0,-4.531722054380665,160.0,-3.3232628398791544
2026-06-10,4960.TW,誠美材,籌碼面,因子轉弱,60.0,30.0,-30.0,6.0,-10.0,30.7,True,1,28.95,-5.700325732899024,28.55,-7.003257328990224,30.15,-1.7915309446254093,27.45,-10.586319218241043
2026-06-10,6274.TWO,台燿,籌碼面,因子轉弱,50.0,20.0,-30.0,12.0,4.0,1615.0,True,1,1475.0,-8.6687306501548,1430.0,-11.455108359133128,1610.0,-0.30959752321981426,1700.0,5.263157894736842
2026-06-10,6285.TW,啟碁,籌碼面,因子轉弱,80.0,-80.0,-160.0,24.0,-36.0,286.5,True,1,272.5,-4.886561954624781,270.0,-5.7591623036649215,265.5,-7.329842931937172,256.5,-10.471204188481675
2026-06-10,6488.TWO,環球晶,籌碼面,因子轉弱,-45.0,-100.0,-55.0,-22.0,-44.0,803.0,False,,786.0,-2.1170610211706102,864.0,7.596513075965131,1045.0,30.136986301369863,1040.0,29.514321295143215
2026-06-10,8215.TW,明基材,技術面,因子轉弱,5.0,-20.0,-25.0,-30.0,-40.0,28.8,False,,28.55,-0.8680555555555556,28.65,-0.5208333333333408,29.15,1.2152777777777704,29.55,2.6041666666666665
2026-06-11,00403A.TW,主動統一升級50,籌碼面,因子轉弱,30.0,-80.0,-110.0,4.0,-40.0,9.99,False,,9.99,0.0,10.7,7.107107107107098,10.75,7.607607607607606,10.56,5.705705705705708
2026-06-11,0056.TW,元大高股息,技術面,因子轉弱,5.0,-20.0,-25.0,-20.0,-40.0,49.59,False,,49.59,0.0,51.55,3.9524097600322516,51.95,4.759023996773542,51.45,3.7507562008469435
2026-06-11,00878.TW,國泰永續高股息,技術面,因子轉弱,5.0,-20.0,-25.0,26.0,16.0,31.6,False,,31.6,0.0,32.91,4.145569620253149,33.27,5.2848101265822836,32.71,3.512658227848099
2026-06-11,1303.TW,南亞,技術面,因子轉弱,15.0,-10.0,-25.0,18.0,-36.0,96.9,False,,96.9,0.0,115.0,18.67905056759545,126.5,30.546955624355,148.0,52.734778121775015
2026-06-11,1303.TW,南亞,籌碼面,因子轉弱,30.0,-80.0,-110.0,18.0,-36.0,96.9,False,,96.9,0.0,115.0,18.67905056759545,126.5,30.546955624355,148.0,52.734778121775015
2026-06-11,1409.TW,新纖,技術面,因子轉弱,5.0,-20.0,-25.0,-28.0,-40.0,24.65,False,,24.65,0.0,26.9,9.127789046653144,27.95,13.387423935091281,26.1,5.8823529411764826
2026-06-11,2002.TW,中鋼,技術面,因子轉弱,-5.0,-30.0,-25.0,-24.0,-34.0,18.55,False,,18.55,0.0,18.65,0.539083557951471,19.1,2.9649595687331574,19.0,2.4258760107816673
2026-06-11,2027.TW,大成鋼,技術面,因子轉弱,5.0,-20.0,-25.0,26.0,16.0,42.55,True,10,42.55,0.0,41.7,-1.997649823736767,41.7,-1.997649823736767,39.9,-6.2279670975323125
2026-06-11,2308.TW,台達電,技術面,因子轉弱,30.0,-20.0,-50.0,24.0,-30.0,2160.0,True,10,2160.0,0.0,2445.0,13.194444444444445,2155.0,-0.23148148148148145,1810.0,-16.203703703703702
2026-06-11,2308.TW,台達電,籌碼面,因子轉弱,30.0,-55.0,-85.0,24.0,-30.0,2160.0,True,10,2160.0,0.0,2445.0,13.194444444444445,2155.0,-0.23148148148148145,1810.0,-16.203703703703702
2026-06-11,2312.TW,金寶,技術面,因子轉弱,5.0,-20.0,-25.0,-20.0,-20.0,34.9,True,10,34.9,0.0,34.75,-0.42979942693409334,34.85,-0.143266475644691,33.5,-4.011461318051572
2026-06-11,2330.TW,台積電,技術面,因子轉弱,5.0,-30.0,-35.0,-20.0,-34.0,2250.0,False,,2250.0,0.0,2400.0,6.666666666666667,2385.0,6.0,2340.0,4.0
2026-06-11,2331.TW,精英,技術面,因子轉弱,15.0,-20.0,-35.0,-24.0,-38.0,20.65,False,,20.65,0.0,21.0,1.6949152542372952,22.25,7.748184019370467,20.6,-0.24213075060531314
2026-06-11,2345.TW,智邦,技術面,因子轉弱,5.0,-45.0,-50.0,-16.0,-48.0,2275.0,False,,2275.0,0.0,2520.0,10.76923076923077,2495.0,9.670329670329672,2380.0,4.615384615384616
2026-06-11,2345.TW,智邦,籌碼面,因子轉弱,-45.0,-75.0,-30.0,-16.0,-48.0,2275.0,False,,2275.0,0.0,2520.0,10.76923076923077,2495.0,9.670329670329672,2380.0,4.615384615384616
2026-06-11,2376.TW,技嘉,技術面,因子轉弱,5.0,-20.0,-25.0,22.0,12.0,340.0,True,10,340.0,0.0,348.0,2.3529411764705883,347.5,2.2058823529411766,319.5,-6.029411764705882
2026-06-11,2382.TW,廣達,技術面,因子轉弱,5.0,-20.0,-25.0,14.0,16.0,370.0,False,,370.0,0.0,362.5,-2.027027027027027,374.0,1.0810810810810811,362.0,-2.1621621621621623
2026-06-11,2408.TW,南亞科,技術面,因子轉弱,5.0,-20.0,-25.0,-30.0,-40.0,340.0,False,,340.0,0.0,425.0,25.0,437.0,28.52941176470588,449.0,32.05882352941177
2026-06-11,2409.TW,友達,技術面,因子轉弱,5.0,-20.0,-25.0,-20.0,-38.0,23.15,False,,23.15,0.0,23.9,3.2397408207343417,26.25,13.39092872570195,27.95,20.73434125269979
2026-06-11,2454.TW,聯發科,技術面,因子轉弱,30.0,-10.0,-40.0,-10.0,-26.0,4085.0,True,10,4085.0,0.0,4560.0,11.627906976744185,4460.0,9.179926560587514,3880.0,-5.018359853121175
2026-06-11,2485.TW,兆赫,技術面,因子轉弱,-5.0,-45.0,-40.0,-32.0,-30.0,64.8,True,3,64.8,0.0,60.5,-6.635802469135799,63.0,-2.7777777777777732,52.2,-19.444444444444436
2026-06-11,2498.TW,宏達電,技術面,因子轉弱,5.0,-30.0,-35.0,-38.0,-52.0,42.0,False,,42.0,0.0,44.1,5.000000000000003,47.5,13.095238095238097,42.9,2.1428571428571392
2026-06-11,2707.TW,晶華,籌碼面,因子轉弱,50.0,20.0,-30.0,18.0,28.0,179.5,False,,179.5,0.0,180.0,0.2785515320334262,180.0,0.2785515320334262,178.5,-0.5571030640668524
2026-06-11,3017.TW,奇鋐,技術面,因子轉弱,-10.0,-30.0,-20.0,-36.0,-42.0,2335.0,True,10,2335.0,0.0,2370.0,1.4989293361884368,2365.0,1.284796573875803,2255.0,-3.4261241970021414
2026-06-11,3037.TW,欣興,技術面,因子轉弱,30.0,-10.0,-40.0,-10.0,-24.0,854.0,False,,854.0,0.0,981.0,14.8711943793911,988.0,15.690866510538642,975.0,14.168618266978921
2026-06-11,3105.TWO,穩懋,技術面,因子轉弱,20.0,-5.0,-25.0,-12.0,-2.0,481.5,True,10,481.5,0.0,511.0,6.12668743509865,519.0,7.78816199376947,424.0,-11.941848390446522
2026-06-11,3189.TW,景碩,技術面,因子轉弱,20.0,0.0,-20.0,8.0,8.0,619.0,False,,619.0,0.0,642.0,3.715670436187399,706.0,14.054927302100161,797.0,28.75605815831987
2026-06-11,3189.TW,景碩,量價面,因子轉弱,0.0,-20.0,-20.0,8.0,8.0,619.0,False,,619.0,0.0,642.0,3.715670436187399,706.0,14.054927302100161,797.0,28.75605815831987
2026-06-11,3211.TWO,順達,技術面,因子轉弱,-20.0,-45.0,-25.0,-8.0,-18.0,398.5,False,,398.5,0.0,428.5,7.528230865746549,428.0,7.402760351317441,390.0,-2.132998745294856
2026-06-11,3231.TW,緯創,技術面,因子轉弱,5.0,-20.0,-25.0,-30.0,-48.0,152.5,False,,152.5,0.0,158.0,3.606557377049181,162.5,6.557377049180328,153.0,0.32786885245901637
2026-06-11,3324.TWO,雙鴻,技術面,因子轉弱,5.0,-20.0,-25.0,22.0,-8.0,998.0,False,,998.0,0.0,1055.0,5.7114228456913825,1050.0,5.210420841683367,970.0,-2.80561122244489
2026-06-11,3324.TWO,雙鴻,籌碼面,因子轉弱,50.0,0.0,-50.0,22.0,-8.0,998.0,False,,998.0,0.0,1055.0,5.7114228456913825,1050.0,5.210420841683367,970.0,-2.80561122244489
2026-06-11,3673.TW,TPK-KY,技術面,因子轉弱,5.0,-20.0,-25.0,-18.0,-14.0,78.7,False,,78.7,0.0,78.8,0.12706480304954804,86.6,10.038119440914855,76.5,-2.7954256670902193
2026-06-11,4908.TWO,前鼎,籌碼面,因子轉弱,70.0,0.0,-70.0,10.0,-18.0,192.5,True,10,192.5,0.0,196.0,1.8181818181818181,193.0,0.2597402597402597,185.0,-3.896103896103896
2026-06-11,4931.TWO,新盛力,技術面,因子轉弱,60.0,5.0,-55.0,53.0,2.0,234.0,False,,234.0,0.0,252.0,7.6923076923076925,253.0,8.11965811965812,231.5,-1.0683760683760684
2026-06-11,4931.TWO,新盛力,籌碼面,因子轉弱,60.0,0.0,-60.0,53.0,2.0,234.0,False,,234.0,0.0,252.0,7.6923076923076925,253.0,8.11965811965812,231.5,-1.0683760683760684
2026-06-11,4931.TWO,新盛力,量價面,因子轉弱,25.0,0.0,-25.0,53.0,2.0,234.0,False,,234.0,0.0,252.0,7.6923076923076925,253.0,8.11965811965812,231.5,-1.0683760683760684
2026-06-11,4966.TWO,譜瑞-KY,技術面,因子轉弱,-20.0,-45.0,-25.0,-16.0,-18.0,657.0,True,10,657.0,0.0,675.0,2.73972602739726,675.0,2.73972602739726,608.0,-7.4581430745814306
2026-06-11,5289.TWO,宜鼎,技術面,因子轉弱,80.0,-10.0,-90.0,56.0,-4.0,1710.0,True,10,1710.0,0.0,1920.0,12.280701754385964,1855.0,8.47953216374269,1605.0,-6.140350877192982
2026-06-11,5289.TWO,宜鼎,籌碼面,因子轉弱,60.0,0.0,-60.0,56.0,-4.0,1710.0,True,10,1710.0,0.0,1920.0,12.280701754385964,1855.0,8.47953216374269,1605.0,-6.140350877192982
2026-06-11,6116.TW,彩晶,技術面,因子轉弱,15.0,-20.0,-35.0,30.0,16.0,14.2,False,,14.2,0.0,16.6,16.901408450704242,18.25,28.521126760563387,18.25,28.521126760563387
2026-06-11,6669.TW,緯穎,技術面,因子轉弱,5.0,-45.0,-50.0,-20.0,-48.0,4900.0,True,10,5445.0,11.122448979591837,4880.0,-0.40816326530612246,5080.0,3.6734693877551026,4280.0,-12.653061224489795
2026-06-11,8046.TW,南電,技術面,因子轉弱,55.0,-35.0,-90.0,46.0,-2.0,807.0,False,,807.0,0.0,902.0,11.771995043370508,885.0,9.66542750929368,1125.0,39.405204460966544
2026-06-11,8046.TW,南電,籌碼面,因子轉弱,60.0,30.0,-30.0,46.0,-2.0,807.0,False,,807.0,0.0,902.0,11.771995043370508,885.0,9.66542750929368,1125.0,39.405204460966544
2026-06-11,8215.TW,明基材,技術面,因子轉弱,-20.0,-45.0,-25.0,-40.0,-50.0,28.55,False,,28.55,0.0,29.15,2.101576182136595,32.05,12.259194395796836,28.15,-1.4010507880910759
2026-06-11,8358.TWO,金居,技術面,因子轉弱,20.0,-10.0,-30.0,2.0,-4.0,540.0,False,,540.0,0.0,624.0,15.555555555555555,640.0,18.51851851851852,570.0,5.555555555555555
2026-06-11,9105.TW,泰金寶-DR,技術面,因子轉弱,20.0,-20.0,-40.0,-4.0,16.0,9.24,False,,9.24,0.0,9.55,3.35497835497836,9.5,2.8138528138528116,9.32,0.8658008658008665
2026-06-12,2313.TW,華通,籌碼面,因子轉弱,60.0,-35.0,-95.0,36.0,-2.0,275.0,True,1,263.0,-4.363636363636364,249.0,-9.454545454545455,259.5,-5.636363636363637,,
2026-06-12,2609.TW,陽明,技術面,因子轉弱,55.0,-20.0,-75.0,0.0,-30.0,51.1,False,,52.4,2.544031311154593,51.0,-0.1956947162426642,51.3,0.39138943248531455,,
2026-06-12,8046.TW,南電,籌碼面,因子轉弱,30.0,-80.0,-110.0,-2.0,-46.0,807.0,False,,819.0,1.486988847583643,902.0,11.771995043370508,874.0,8.302354399008674,,
2026-06-13,1409.TW,新纖,籌碼面,因子轉弱,30.0,-35.0,-65.0,4.0,-6.0,25.5,False,,26.9,5.490196078431367,27.95,9.6078431372549,28.55,11.960784313725494,,
2026-06-13,2312.TW,金寶,技術面,因子轉弱,-20.0,-45.0,-25.0,12.0,-40.0,34.95,False,,34.75,-0.5722460658083056,34.85,-0.2861230329041528,34.55,-1.1444921316166112,,
2026-06-13,2312.TW,金寶,籌碼面,因子轉弱,50.0,-55.0,-105.0,12.0,-40.0,34.95,False,,34.75,-0.5722460658083056,34.85,-0.2861230329041528,34.55,-1.1444921316166112,,
2026-06-13,2313.TW,華通,技術面,因子轉弱,30.0,-30.0,-60.0,-2.0,0.0,263.0,True,1,249.0,-5.323193916349809,264.0,0.38022813688212925,243.0,-7.604562737642586,,
2026-06-13,2317.TW,鴻海,技術面,因子轉弱,-10.0,-45.0,-35.0,-36.0,-30.0,260.5,False,,269.0,3.262955854126679,272.0,4.414587332053743,259.5,-0.3838771593090211,,
2026-06-13,2331.TW,精英,技術面,因子轉弱,-20.0,-45.0,-25.0,0.0,-32.0,21.3,False,,21.0,-1.4084507042253553,22.25,4.4600938967136114,22.3,4.694835680751173,,
2026-06-13,2331.TW,精英,籌碼面,因子轉弱,20.0,-35.0,-55.0,0.0,-32.0,21.3,False,,21.0,-1.4084507042253553,22.25,4.4600938967136114,22.3,4.694835680751173,,
2026-06-13,2383.TW,台光電,技術面,因子轉弱,80.0,-10.0,-90.0,64.0,-22.0,4830.0,False,,5120.0,6.004140786749482,5200.0,7.6604554865424435,5700.0,18.012422360248447,,
2026-06-13,2383.TW,台光電,籌碼面,因子轉弱,80.0,-45.0,-125.0,64.0,-22.0,4830.0,False,,5120.0,6.004140786749482,5200.0,7.6604554865424435,5700.0,18.012422360248447,,
2026-06-13,2485.TW,兆赫,籌碼面,因子轉弱,60.0,-75.0,-135.0,6.0,-44.0,64.8,True,1,60.5,-6.635802469135799,63.0,-2.7777777777777732,57.4,-11.419753086419751,,
2026-06-13,2748.TW,雲品,技術面,因子轉弱,50.0,25.0,-25.0,32.0,30.0,40.15,False,,40.7,1.3698630136986407,40.75,1.4943960149439637,39.9,-0.6226650062266501,,
2026-06-13,3037.TW,欣興,技術面,因子轉弱,-10.0,-45.0,-35.0,-24.0,-20.0,902.0,False,,981.0,8.758314855875831,988.0,9.534368070953436,974.0,7.982261640798225,,
2026-06-13,3189.TW,景碩,籌碼面,因子轉弱,30.0,-55.0,-85.0,8.0,-24.0,610.0,False,,642.0,5.245901639344262,706.0,15.737704918032788,727.0,19.18032786885246,,
2026-06-13,3481.TW,群創,籌碼面,因子轉弱,80.0,50.0,-30.0,28.0,18.0,48.55,False,,53.3,9.783728115345006,58.6,20.70030895983523,66.0,35.94232749742534,,
2026-06-13,3673.TW,TPK-KY,技術面,因子轉弱,-20.0,-45.0,-25.0,-22.0,6.0,79.8,False,,78.8,-1.2531328320802007,86.6,8.52130325814536,82.2,3.007518796992488,,
2026-06-13,4960.TW,誠美材,籌碼面,因子轉弱,60.0,20.0,-40.0,6.0,-14.0,28.55,False,,30.15,5.604203152364265,29.35,2.802101576182139,28.25,-1.0507880910683036,,
2026-06-13,6285.TW,啟碁,技術面,因子轉弱,-10.0,-35.0,-25.0,-22.0,-36.0,270.0,True,5,265.5,-1.6666666666666667,270.5,0.1851851851851852,254.0,-5.9259259259259265,,
2026-06-13,6669.TW,緯穎,技術面,因子轉弱,55.0,-30.0,-85.0,6.0,-42.0,4850.0,True,5,4880.0,0.6185567010309279,5080.0,4.742268041237113,4675.0,-3.608247422680412,,
2026-06-13,6669.TW,緯穎,籌碼面,因子轉弱,-40.0,-75.0,-35.0,6.0,-42.0,4850.0,True,5,4880.0,0.6185567010309279,5080.0,4.742268041237113,4675.0,-3.608247422680412,,
2026-06-13,7769.TW,鴻勁,籌碼面,因子轉弱,-25.0,-65.0,-40.0,-12.0,-28.0,7210.0,True,5,7360.0,2.0804438280166435,7330.0,1.6643550624133148,6810.0,-5.547850208044383,,
2026-06-13,8150.TW,南茂,籌碼面,因子轉弱,80.0,30.0,-50.0,44.0,24.0,97.0,False,,94.6,-2.474226804123717,94.9,-2.1649484536082415,106.5,9.793814432989691,,
2026-06-13,9105.TW,泰金寶-DR,籌碼面,因子轉弱,60.0,30.0,-30.0,16.0,4.0,9.53,True,5,9.55,0.2098635886673804,9.5,-0.31479538300104265,9.13,-4.1972717733473095,,
2026-06-16,00403A.TW,主動統一升級50,技術面,因子轉弱,20.0,-5.0,-25.0,-14.0,-24.0,10.7,False,,10.7,0.0,11.03,3.0841121495327113,11.04,3.1775700934579425,,
2026-06-16,2002.TW,中鋼,技術面,因子轉弱,10.0,-20.0,-30.0,-2.0,-14.0,18.65,False,,18.65,0.0,19.1,2.41286863270779,19.35,3.753351206434332,,
2026-06-16,2027.TW,大成鋼,技術面,因子轉弱,20.0,-15.0,-35.0,32.0,18.0,41.7,False,,41.7,0.0,41.0,-1.6786570743405342,40.55,-2.757793764988023,,
2026-06-16,2329.TW,華泰,技術面,因子轉弱,20.0,-5.0,-25.0,-4.0,-14.0,54.0,False,,54.0,0.0,55.6,2.9629629629629655,56.1,3.888888888888892,,
2026-06-16,2376.TW,技嘉,技術面,因子轉弱,75.0,20.0,-55.0,63.0,36.0,348.0,False,,348.0,0.0,344.0,-1.1494252873563218,339.0,-2.586206896551724,,
2026-06-16,2376.TW,技嘉,量價面,因子轉弱,25.0,0.0,-25.0,63.0,36.0,348.0,False,,348.0,0.0,344.0,-1.1494252873563218,339.0,-2.586206896551724,,
2026-06-16,2485.TW,兆赫,技術面,因子轉弱,-35.0,-55.0,-20.0,-44.0,-52.0,60.5,False,,60.5,0.0,61.7,1.98347107438017,58.8,-2.8099173553719057,,
2026-06-16,2603.TW,長榮,技術面,因子轉弱,20.0,-10.0,-30.0,-32.0,-44.0,220.5,True,3,220.5,0.0,193.0,-12.471655328798185,186.5,-15.419501133786847,,
2026-06-16,2609.TW,陽明,技術面,因子轉弱,-5.0,-55.0,-50.0,-14.0,-34.0,51.0,False,,51.0,0.0,51.3,0.5882352941176415,51.6,1.1764705882352968,,
2026-06-16,2618.TW,長榮航,量價面,因子轉弱,25.0,0.0,-25.0,49.0,48.0,39.75,False,,39.75,0.0,42.55,7.0440251572326975,44.0,10.69182389937107,,
2026-06-16,3017.TW,奇鋐,技術面,因子轉弱,-20.0,-55.0,-35.0,-38.0,-52.0,2370.0,False,,2370.0,0.0,2400.0,1.2658227848101267,2530.0,6.751054852320674,,
2026-06-16,3711.TW,日月光投控,技術面,因子轉弱,30.0,-5.0,-35.0,0.0,-14.0,592.0,False,,592.0,0.0,613.0,3.5472972972972974,653.0,10.304054054054054,,
2026-06-16,6116.TW,彩晶,技術面,因子轉弱,80.0,20.0,-60.0,56.0,32.0,16.6,False,,16.6,0.0,18.8,13.253012048192767,19.4,16.867469879518055,,
2026-06-16,6213.TW,聯茂,技術面,因子轉弱,20.0,-5.0,-25.0,32.0,22.0,258.0,False,,258.0,0.0,280.0,8.527131782945736,309.0,19.767441860465116,,
2026-06-16,6669.TW,緯穎,技術面,因子轉弱,-30.0,-55.0,-25.0,-42.0,-52.0,4880.0,True,5,4880.0,0.0,5130.0,5.122950819672131,4605.0,-5.635245901639344,,
2026-06-16,8215.TW,明基材,技術面,因子轉弱,20.0,-20.0,-40.0,-14.0,-30.0,29.15,False,,29.15,0.0,31.15,6.86106346483705,30.25,3.773584905660382,,
2026-06-17,2027.TW,大成鋼,籌碼面,因子轉弱,60.0,-80.0,-140.0,18.0,-38.0,41.7,True,3,41.7,0.0,40.0,-4.0767386091127165,40.2,-3.597122302158273,,
2026-06-17,2308.TW,台達電,技術面,因子轉弱,55.0,20.0,-35.0,0.0,-12.0,2230.0,True,1,2155.0,-3.3632286995515694,2080.0,-6.726457399103139,1980.0,-11.210762331838566,,
2026-06-17,2313.TW,華通,籌碼面,因子轉弱,30.0,-75.0,-105.0,-6.0,-48.0,249.0,True,5,264.0,6.024096385542169,243.0,-2.4096385542168677,233.0,-6.425702811244979,,
2026-06-17,2331.TW,精英,籌碼面,因子轉弱,-35.0,-65.0,-30.0,-22.0,-34.0,21.0,False,,22.25,5.952380952380952,22.3,6.190476190476194,21.45,2.1428571428571392,,
2026-06-17,2401.TW,凌陽,籌碼面,因子轉弱,80.0,50.0,-30.0,44.0,32.0,30.75,False,,31.5,2.4390243902439024,32.8,6.666666666666657,34.9,13.49593495934959,,
2026-06-17,3105.TWO,穩懋,技術面,因子轉弱,30.0,-20.0,-50.0,12.0,-8.0,493.0,True,5,519.0,5.273833671399594,522.0,5.88235294117647,463.0,-6.085192697768763,,
2026-06-17,3673.TW,TPK-KY,籌碼面,因子轉弱,60.0,-55.0,-115.0,16.0,-30.0,78.8,False,,86.6,9.898477157360402,82.2,4.314720812182749,81.9,3.934010152284275,,
2026-06-17,4966.TWO,譜瑞-KY,技術面,因子轉弱,-5.0,-35.0,-30.0,-2.0,-14.0,660.0,False,,675.0,2.272727272727273,661.0,0.15151515151515152,658.0,-0.30303030303030304,,
2026-06-17,6213.TW,聯茂,籌碼面,因子轉弱,60.0,30.0,-30.0,22.0,10.0,258.0,False,,267.5,3.6821705426356592,281.0,8.914728682170542,339.5,31.589147286821706,,
2026-06-17,8028.TW,昇陽半導體,籌碼面,因子轉弱,60.0,-55.0,-115.0,36.0,-10.0,314.0,True,5,311.5,-0.7961783439490446,310.0,-1.2738853503184715,302.0,-3.821656050955414,,
2026-06-17,8150.TW,南茂,籌碼面,因子轉弱,30.0,-55.0,-85.0,20.0,-14.0,94.6,False,,94.9,0.3171247357293989,106.5,12.579281183932354,96.0,1.4799154334038116,,
2026-06-18,1409.TW,新纖,籌碼面,因子轉弱,60.0,-75.0,-135.0,36.0,-8.0,27.95,True,1,25.6,-8.407871198568866,27.95,0.0,26.1,-6.618962432915914,,
2026-06-18,2303.TW,聯電,籌碼面,因子轉弱,60.0,30.0,-30.0,32.0,20.0,140.0,False,,145.5,3.9285714285714284,178.0,27.142857142857142,164.0,17.142857142857142,,
2026-06-18,2308.TW,台達電,技術面,因子轉弱,20.0,-35.0,-55.0,-12.0,-44.0,2155.0,True,3,2150.0,-0.23201856148491878,2000.0,-7.192575406032482,1810.0,-16.009280742459396,,
2026-06-18,2312.TW,金寶,技術面,因子轉弱,-20.0,-45.0,-25.0,-38.0,-30.0,34.85,True,5,35.5,1.8651362984218034,38.0,9.038737446197986,33.5,-3.873744619799143,,
2026-06-18,2317.TW,鴻海,技術面,因子轉弱,20.0,-5.0,-25.0,2.0,10.0,272.0,True,3,268.5,-1.2867647058823528,256.0,-5.88235294117647,248.5,-8.63970588235294,,
2026-06-18,2337.TW,旺宏,籌碼面,因子轉弱,60.0,-55.0,-115.0,26.0,-10.0,161.5,False,,169.0,4.643962848297214,172.0,6.5015479876160995,162.5,0.6191950464396285,,
2026-06-18,2337.TW,旺宏,量價面,因子轉弱,0.0,-20.0,-20.0,26.0,-10.0,161.5,False,,169.0,4.643962848297214,172.0,6.5015479876160995,162.5,0.6191950464396285,,
2026-06-18,2338.TW,光罩,籌碼面,因子轉弱,60.0,30.0,-30.0,28.0,20.0,52.2,True,5,53.3,2.107279693486579,51.6,-1.1494252873563244,47.5,-9.003831417624527,,
2026-06-18,2344.TW,華邦電,籌碼面,因子轉弱,80.0,50.0,-30.0,60.0,44.0,199.0,False,,218.5,9.798994974874372,205.0,3.015075376884422,206.5,3.7688442211055273,,
2026-06-18,2345.TW,智邦,籌碼面,因子轉弱,50.0,20.0,-30.0,18.0,6.0,2495.0,True,3,2435.0,-2.404809619238477,2375.0,-4.809619238476954,2380.0,-4.609218436873747,,
2026-06-18,2376.TW,技嘉,技術面,因子轉弱,20.0,-5.0,-25.0,28.0,-30.0,347.5,True,5,344.0,-1.0071942446043165,339.0,-2.446043165467626,319.5,-8.057553956834532,,
2026-06-18,2376.TW,技嘉,籌碼面,因子轉弱,50.0,-70.0,-120.0,28.0,-30.0,347.5,True,5,344.0,-1.0071942446043165,339.0,-2.446043165467626,319.5,-8.057553956834532,,
2026-06-18,2454.TW,聯發科,籌碼面,因子轉弱,60.0,30.0,-30.0,32.0,30.0,4460.0,True,3,4390.0,-1.5695067264573992,4285.0,-3.923766816143498,3880.0,-13.004484304932735,,
2026-06-18,2603.TW,長榮,技術面,因子轉弱,-10.0,-40.0,-30.0,-26.0,-28.0,194.0,True,3,193.0,-0.5154639175257731,186.5,-3.865979381443299,213.0,9.793814432989691,,
2026-06-18,2707.TW,晶華,技術面,因子轉弱,70.0,35.0,-35.0,48.0,30.0,180.0,False,,179.0,-0.5555555555555556,180.0,0.0,178.5,-0.8333333333333334,,
2026-06-18,3035.TW,智原,籌碼面,因子轉弱,60.0,30.0,-30.0,26.0,20.0,202.0,False,,209.0,3.4653465346534658,230.5,14.108910891089108,206.5,2.2277227722772275,,
2026-06-18,3189.TW,景碩,技術面,因子轉弱,30.0,5.0,-25.0,-18.0,-18.0,706.0,False,,724.0,2.5495750708215295,739.0,4.674220963172805,797.0,12.889518413597735,,
2026-06-18,3324.TWO,雙鴻,技術面,因子轉弱,20.0,-5.0,-25.0,8.0,-2.0,1050.0,True,5,1070.0,1.9047619047619049,1055.0,0.4761904761904762,970.0,-7.6190476190476195,,
2026-06-18,3711.TW,日月光投控,籌碼面,因子轉弱,-15.0,-55.0,-40.0,-8.0,-14.0,595.0,False,,613.0,3.0252100840336134,653.0,9.747899159663866,632.0,6.218487394957983,,
2026-06-18,4908.TWO,前鼎,技術面,因子轉弱,-5.0,-55.0,-50.0,-2.0,-22.0,193.0,True,5,212.0,9.844559585492227,233.0,20.72538860103627,185.0,-4.145077720207254,,
2026-06-18,4958.TW,臻鼎-KY,籌碼面,因子轉弱,60.0,30.0,-30.0,46.0,36.0,639.0,True,3,642.0,0.4694835680751174,587.0,-8.137715179968701,580.0,-9.233176838810643,,
2026-06-18,4960.TW,誠美材,技術面,因子轉弱,5.0,-35.0,-40.0,14.0,-32.0,29.35,True,3,29.1,-0.8517887563884157,28.35,-3.4071550255536627,25.65,-12.60647359454856,,
2026-06-18,4960.TW,誠美材,籌碼面,因子轉弱,30.0,-45.0,-75.0,14.0,-32.0,29.35,True,3,29.1,-0.8517887563884157,28.35,-3.4071550255536627,25.65,-12.60647359454856,,
2026-06-18,6274.TWO,台燿,技術面,因子轉弱,20.0,-5.0,-25.0,8.0,-2.0,1670.0,True,5,1835.0,9.880239520958083,1765.0,5.688622754491018,1580.0,-5.389221556886228,,
2026-06-18,6488.TWO,環球晶,技術面,因子轉弱,115.0,40.0,-75.0,51.0,21.0,1100.0,True,3,1110.0,0.9090909090909091,965.0,-12.272727272727273,936.0,-14.909090909090908,,
2026-06-18,8028.TW,昇陽半導體,技術面,因子轉弱,30.0,-45.0,-75.0,-10.0,-40.0,311.5,True,5,327.0,4.975922953451043,309.5,-0.6420545746388443,285.5,-8.346709470304976,,
2026-06-18,8046.TW,南電,籌碼面,因子轉弱,60.0,30.0,-30.0,26.0,14.0,885.0,False,,874.0,-1.2429378531073447,955.0,7.909604519774012,1125.0,27.11864406779661,,
2026-06-18,9105.TW,泰金寶-DR,技術面,因子轉弱,20.0,-20.0,-40.0,20.0,-20.0,9.5,False,,9.53,0.3157894736842038,10.0,5.263157894736842,9.32,-1.8947368421052602,,
2026-06-18,9105.TW,泰金寶-DR,籌碼面,因子轉弱,30.0,-30.0,-60.0,20.0,-20.0,9.5,False,,9.53,0.3157894736842038,10.0,5.263157894736842,9.32,-1.8947368421052602,,
2026-06-20,1409.TW,新纖,技術面,因子轉弱,55.0,25.0,-30.0,-8.0,-24.0,25.6,False,,28.55,11.523437499999996,27.05,5.664062499999997,,,,
2026-06-20,1409.TW,新纖,量價面,因子轉弱,0.0,-20.0,-20.0,-8.0,-24.0,25.6,False,,28.55,11.523437499999996,27.05,5.664062499999997,,,,
2026-06-20,2317.TW,鴻海,籌碼面,因子轉弱,30.0,-75.0,-105.0,10.0,-28.0,268.5,True,1,259.5,-3.35195530726257,257.5,-4.0968342644320295,,,,
2026-06-20,2376.TW,技嘉,技術面,因子轉弱,-5.0,-35.0,-30.0,-30.0,-46.0,344.0,True,1,330.5,-3.9244186046511627,334.0,-2.9069767441860463,,,,
2026-06-20,2454.TW,聯發科,技術面,因子轉弱,45.0,-10.0,-55.0,30.0,8.0,4390.0,False,,4535.0,3.3029612756264237,4310.0,-1.8223234624145785,,,,
2026-06-20,2485.TW,兆赫,技術面,因子轉弱,-35.0,-55.0,-20.0,-10.0,-36.0,61.7,True,1,57.4,-6.969205834683962,57.0,-7.617504051863862,,,,
2026-06-20,2485.TW,兆赫,籌碼面,因子轉弱,10.0,-35.0,-45.0,-10.0,-36.0,61.7,True,1,57.4,-6.969205834683962,57.0,-7.617504051863862,,,,
2026-06-20,2603.TW,長榮,籌碼面,因子轉弱,-30.0,-75.0,-45.0,-28.0,-52.0,193.0,True,3,189.0,-2.072538860103627,185.0,-4.145077720207254,,,,
2026-06-20,2609.TW,陽明,技術面,因子轉弱,-15.0,-45.0,-30.0,-18.0,-32.0,51.3,False,,51.3,0.0,51.4,0.1949317738791451,,,,
2026-06-20,2618.TW,長榮航,技術面,因子轉弱,80.0,45.0,-35.0,61.0,42.0,42.55,False,,42.95,0.9400705052879101,44.5,4.5828437132785025,,,,
2026-06-20,2618.TW,長榮航,量價面,因子轉弱,25.0,0.0,-25.0,61.0,42.0,42.55,False,,42.95,0.9400705052879101,44.5,4.5828437132785025,,,,
2026-06-20,2707.TW,晶華,技術面,因子轉弱,35.0,-15.0,-50.0,30.0,-6.0,179.0,False,,179.0,0.0,180.0,0.5586592178770949,,,,
2026-06-20,2707.TW,晶華,籌碼面,因子轉弱,40.0,0.0,-40.0,30.0,-6.0,179.0,False,,179.0,0.0,180.0,0.5586592178770949,,,,
2026-06-20,2748.TW,雲品,技術面,因子轉弱,60.0,10.0,-50.0,44.0,12.0,40.4,False,,39.9,-1.2376237623762376,39.7,-1.732673267326722,,,,
2026-06-20,2748.TW,雲品,籌碼面,因子轉弱,50.0,20.0,-30.0,44.0,12.0,40.4,False,,39.9,-1.2376237623762376,39.7,-1.732673267326722,,,,
2026-06-20,3231.TW,緯創,技術面,因子轉弱,30.0,5.0,-25.0,-18.0,-20.0,161.5,False,,158.5,-1.8575851393188854,160.0,-0.9287925696594427,,,,
2026-06-20,3481.TW,群創,籌碼面,因子轉弱,50.0,-80.0,-130.0,54.0,9.0,64.4,False,,66.0,2.484472049689432,70.9,10.093167701863354,,,,
2026-06-20,3673.TW,TPK-KY,籌碼面,因子轉弱,60.0,-15.0,-75.0,28.0,-2.0,86.2,True,1,82.2,-4.640371229698376,81.9,-4.98839907192575,,,,
2026-06-20,6116.TW,彩晶,籌碼面,因子轉弱,60.0,-55.0,-115.0,36.0,4.0,18.8,False,,19.0,1.0638297872340388,19.5,3.7234042553191453,,,,
2026-06-20,6488.TWO,環球晶,量價面,因子轉弱,25.0,0.0,-25.0,21.0,22.0,1110.0,True,1,1010.0,-9.00900900900901,1040.0,-6.306306306306306,,,,
2026-06-20,7769.TW,鴻勁,技術面,因子轉弱,20.0,0.0,-20.0,-2.0,-34.0,6975.0,False,,6810.0,-2.3655913978494625,6920.0,-0.7885304659498209,,,,
2026-06-20,7769.TW,鴻勁,籌碼面,因子轉弱,-25.0,-75.0,-50.0,-2.0,-34.0,6975.0,False,,6810.0,-2.3655913978494625,6920.0,-0.7885304659498209,,,,
2026-06-20,7769.TW,鴻勁,量價面,因子轉弱,0.0,-20.0,-20.0,-2.0,-34.0,6975.0,False,,6810.0,-2.3655913978494625,6920.0,-0.7885304659498209,,,,
2026-06-20,8215.TW,明基材,技術面,因子轉弱,65.0,30.0,-35.0,14.0,6.0,31.15,True,1,30.0,-3.6918138041733504,29.55,-5.136436597110748,,,,
2026-06-20,9105.TW,泰金寶-DR,籌碼面,因子轉弱,-30.0,-80.0,-50.0,-20.0,-40.0,9.53,True,1,9.13,-4.1972717733473095,9.62,0.9443861490031464,,,,
2026-06-23,00403A.TW,主動統一升級50,技術面,因子轉弱,80.0,35.0,-45.0,56.0,26.0,11.38,True,3,11.04,-2.9876977152899964,10.56,-7.205623901581724,,,,
2026-06-23,00403A.TW,主動統一升級50,籌碼面,因子轉弱,60.0,30.0,-30.0,56.0,26.0,11.38,True,3,11.04,-2.9876977152899964,10.56,-7.205623901581724,,,,
2026-06-23,0056.TW,元大高股息,籌碼面,因子轉弱,80.0,50.0,-30.0,56.0,42.0,53.6,True,3,53.15,-0.8395522388059753,51.45,-4.011194029850743,,,,
2026-06-23,1303.TW,南亞,技術面,因子轉弱,80.0,60.0,-20.0,64.0,61.0,154.5,True,3,156.0,0.9708737864077669,148.0,-4.207119741100324,,,,
2026-06-23,1714.TW,和桐,技術面,因子轉弱,60.0,5.0,-55.0,36.0,-10.0,17.85,False,,19.05,6.722689075630248,18.55,3.9215686274509762,,,,
2026-06-23,1714.TW,和桐,籌碼面,因子轉弱,30.0,-30.0,-60.0,36.0,-10.0,17.85,False,,19.05,6.722689075630248,18.55,3.9215686274509762,,,,
2026-06-23,1718.TW,中纖,技術面,因子轉弱,55.0,20.0,-35.0,46.0,-24.0,9.25,False,,9.23,-0.21621621621621162,11.15,20.540540540540544,,,,
2026-06-23,1718.TW,中纖,籌碼面,因子轉弱,60.0,-80.0,-140.0,46.0,-24.0,9.25,False,,9.23,-0.21621621621621162,11.15,20.540540540540544,,,,
2026-06-23,1802.TW,台玻,技術面,因子轉弱,30.0,-10.0,-40.0,44.0,16.0,69.9,True,3,69.3,-0.8583690987124585,66.0,-5.579399141630909,,,,
2026-06-23,1802.TW,台玻,籌碼面,因子轉弱,80.0,50.0,-30.0,44.0,16.0,69.9,True,3,69.3,-0.8583690987124585,66.0,-5.579399141630909,,,,
2026-06-23,2002.TW,中鋼,籌碼面,因子轉弱,60.0,30.0,-30.0,40.0,26.0,19.2,False,,19.35,0.7812500000000111,19.0,-1.041666666666663,,,,
2026-06-23,2312.TW,金寶,技術面,因子轉弱,-5.0,-45.0,-40.0,-22.0,-40.0,34.55,True,3,38.0,9.985528219971066,33.5,-3.03907380607814,,,,
2026-06-23,2313.TW,華通,技術面,因子轉弱,-5.0,-55.0,-50.0,-16.0,-52.0,243.0,True,3,240.0,-1.2345679012345678,222.5,-8.436213991769549,,,,
2026-06-23,2313.TW,華通,籌碼面,因子轉弱,-35.0,-75.0,-40.0,-16.0,-52.0,243.0,True,3,240.0,-1.2345679012345678,222.5,-8.436213991769549,,,,
2026-06-23,2317.TW,鴻海,技術面,因子轉弱,5.0,-20.0,-25.0,-28.0,-38.0,259.5,True,3,256.0,-1.348747591522158,248.5,-4.238921001926782,,,,
2026-06-23,2324.TW,仁寶,技術面,因子轉弱,30.0,-20.0,-50.0,-18.0,-28.0,36.55,True,3,37.9,3.6935704514363925,34.8,-4.78796169630643,,,,
2026-06-23,2327.TW,國巨,技術面,因子轉弱,80.0,45.0,-35.0,44.0,12.0,1020.0,False,,1050.0,2.941176470588235,1015.0,-0.49019607843137253,,,,
2026-06-23,2327.TW,國巨,籌碼面,因子轉弱,30.0,-15.0,-45.0,44.0,12.0,1020.0,False,,1050.0,2.941176470588235,1015.0,-0.49019607843137253,,,,
2026-06-23,2329.TW,華泰,籌碼面,因子轉弱,60.0,30.0,-30.0,40.0,24.0,55.7,True,3,56.1,0.7181328545780944,53.4,-4.129263913824064,,,,
2026-06-23,2331.TW,精英,籌碼面,因子轉弱,60.0,-65.0,-125.0,36.0,-14.0,22.3,True,3,21.75,-2.4663677130044874,20.6,-7.623318385650221,,,,
2026-06-23,2337.TW,旺宏,技術面,因子轉弱,60.0,35.0,-25.0,48.0,38.0,172.0,True,3,172.0,0.0,162.5,-5.523255813953488,,,,
2026-06-23,2338.TW,光罩,技術面,因子轉弱,20.0,-20.0,-40.0,32.0,4.0,52.9,True,3,51.6,-2.4574669187145504,47.5,-10.207939508506614,,,,
2026-06-23,2338.TW,光罩,籌碼面,因子轉弱,60.0,30.0,-30.0,32.0,4.0,52.9,True,3,51.6,-2.4574669187145504,47.5,-10.207939508506614,,,,
2026-06-23,2344.TW,華邦電,技術面,因子轉弱,80.0,45.0,-35.0,52.0,-4.0,211.5,True,1,205.0,-3.0732860520094563,206.5,-2.3640661938534278,,,,
2026-06-23,2344.TW,華邦電,籌碼面,因子轉弱,50.0,-55.0,-105.0,52.0,-4.0,211.5,True,1,205.0,-3.0732860520094563,206.5,-2.3640661938534278,,,,
2026-06-23,2353.TW,宏碁,技術面,因子轉弱,-20.0,-45.0,-25.0,-30.0,-24.0,33.4,True,3,34.2,2.3952095808383365,31.9,-4.491017964071856,,,,
2026-06-23,2356.TW,英業達,技術面,因子轉弱,5.0,-20.0,-25.0,-28.0,-28.0,66.1,True,3,66.4,0.4538577912254333,63.3,-4.236006051437212,,,,
2026-06-23,2368.TW,金像電,技術面,因子轉弱,20.0,-5.0,-25.0,-22.0,-32.0,1265.0,True,3,1255.0,-0.7905138339920948,1190.0,-5.928853754940711,,,,
2026-06-23,2374.TW,佳能,籌碼面,因子轉弱,30.0,-5.0,-35.0,20.0,10.0,76.7,False,,75.5,-1.5645371577575002,74.8,-2.477183833116044,,,,
2026-06-23,2382.TW,廣達,技術面,因子轉弱,30.0,-20.0,-50.0,36.0,4.0,372.5,False,,372.0,-0.1342281879194631,362.0,-2.8187919463087248,,,,
2026-06-23,2382.TW,廣達,籌碼面,因子轉弱,60.0,30.0,-30.0,36.0,4.0,372.5,False,,372.0,-0.1342281879194631,362.0,-2.8187919463087248,,,,
2026-06-23,2408.TW,南亞科,技術面,因子轉弱,80.0,15.0,-65.0,64.0,26.0,454.5,False,,443.5,-2.42024202420242,449.0,-1.21012101210121,,,,
2026-06-23,2408.TW,南亞科,籌碼面,因子轉弱,80.0,50.0,-30.0,64.0,26.0,454.5,False,,443.5,-2.42024202420242,449.0,-1.21012101210121,,,,
2026-06-23,2409.TW,友達,籌碼面,因子轉弱,60.0,30.0,-30.0,48.0,36.0,29.05,True,3,30.5,4.991394148020651,27.95,-3.7865748709122253,,,,
2026-06-23,2451.TW,創見,技術面,因子轉弱,30.0,-10.0,-40.0,-10.0,-26.0,300.5,True,3,294.0,-2.1630615640599005,278.5,-7.321131447587355,,,,
2026-06-23,2498.TW,宏達電,技術面,因子轉弱,55.0,-10.0,-65.0,46.0,8.0,46.9,True,3,46.65,-0.5330490405117271,42.9,-8.528784648187633,,,,
2026-06-23,2498.TW,宏達電,籌碼面,因子轉弱,60.0,30.0,-30.0,46.0,8.0,46.9,True,3,46.65,-0.5330490405117271,42.9,-8.528784648187633,,,,
2026-06-23,2606.TW,裕民,籌碼面,因子轉弱,60.0,30.0,-30.0,6.0,-10.0,61.7,True,3,61.4,-0.48622366288493396,59.6,-3.403565640194492,,,,
2026-06-23,2607.TW,榮運,技術面,因子轉弱,20.0,-30.0,-50.0,-10.0,-24.0,49.2,False,,48.95,-0.5081300813008129,48.45,-1.524390243902439,,,,
2026-06-23,2882.TW,國泰金,技術面,因子轉弱,70.0,45.0,-25.0,40.0,-14.0,113.5,True,1,110.0,-3.0837004405286343,106.0,-6.607929515418502,,,,
2026-06-23,2882.TW,國泰金,籌碼面,因子轉弱,30.0,-80.0,-110.0,40.0,-14.0,113.5,True,1,110.0,-3.0837004405286343,106.0,-6.607929515418502,,,,
2026-06-23,2886.TW,兆豐金,量價面,因子轉弱,25.0,0.0,-25.0,59.0,52.0,45.2,False,,44.55,-1.4380530973451453,46.15,2.101769911504415,,,,
2026-06-23,3037.TW,欣興,技術面,因子轉弱,30.0,-10.0,-40.0,32.0,16.0,974.0,True,1,931.0,-4.414784394250513,975.0,0.10266940451745381,,,,
2026-06-23,3062.TW,建漢,技術面,因子轉弱,5.0,-45.0,-50.0,-20.0,-40.0,25.2,True,3,25.1,-0.39682539682538837,24.0,-4.761904761904759,,,,
2026-06-23,3105.TWO,穩懋,技術面,因子轉弱,60.0,30.0,-30.0,24.0,12.0,522.0,True,1,478.0,-8.42911877394636,424.0,-18.773946360153257,,,,
2026-06-23,3163.TWO,波若威,技術面,因子轉弱,5.0,-45.0,-50.0,2.0,-18.0,868.0,True,1,840.0,-3.225806451612903,720.0,-17.050691244239633,,,,
2026-06-23,3211.TWO,順達,技術面,因子轉弱,45.0,-10.0,-55.0,18.0,-4.0,427.5,True,3,419.0,-1.9883040935672516,390.0,-8.771929824561402,,,,
2026-06-23,3260.TWO,威剛,技術面,因子轉弱,20.0,-10.0,-30.0,8.0,-4.0,412.0,True,3,408.5,-0.8495145631067961,397.5,-3.5194174757281553,,,,
2026-06-23,3363.TWO,上詮,技術面,因子轉弱,5.0,-55.0,-60.0,2.0,-22.0,685.0,True,3,670.0,-2.18978102189781,575.0,-16.05839416058394,,,,
2026-06-23,3481.TW,群創,技術面,因子轉弱,90.0,55.0,-35.0,9.0,0.0,66.0,False,,69.4,5.15151515151516,65.0,-1.5151515151515151,,,,
2026-06-23,3481.TW,群創,量價面,因子轉弱,25.0,0.0,-25.0,9.0,0.0,66.0,False,,69.4,5.15151515151516,65.0,-1.5151515151515151,,,,
2026-06-23,3673.TW,TPK-KY,技術面,因子轉弱,10.0,-20.0,-30.0,-2.0,-30.0,82.2,True,3,83.6,1.7031630170316197,76.5,-6.934306569343068,,,,
2026-06-23,3673.TW,TPK-KY,籌碼面,因子轉弱,-15.0,-55.0,-40.0,-2.0,-30.0,82.2,True,3,83.6,1.7031630170316197,76.5,-6.934306569343068,,,,
2026-06-23,3711.TW,日月光投控,技術面,因子轉弱,60.0,35.0,-25.0,48.0,38.0,662.0,True,3,653.0,-1.3595166163141994,632.0,-4.531722054380665,,,,
2026-06-23,4958.TW,臻鼎-KY,技術面,因子轉弱,70.0,5.0,-65.0,52.0,-20.0,587.0,False,,587.0,0.0,580.0,-1.192504258943782,,,,
2026-06-23,4958.TW,臻鼎-KY,籌碼面,因子轉弱,60.0,-55.0,-115.0,52.0,-20.0,587.0,False,,587.0,0.0,580.0,-1.192504258943782,,,,
2026-06-23,4960.TW,誠美材,技術面,因子轉弱,-35.0,-55.0,-20.0,-32.0,-28.0,28.25,True,3,28.35,0.3539823008849608,25.65,-9.203539823008855,,,,
2026-06-23,4966.TWO,譜瑞-KY,技術面,因子轉弱,10.0,-10.0,-20.0,4.0,-4.0,661.0,True,3,664.0,0.45385779122541603,608.0,-8.018154311649017,,,,
2026-06-23,4967.TW,十銓,籌碼面,因子轉弱,-15.0,-55.0,-40.0,-8.0,-26.0,272.0,False,,278.0,2.2058823529411766,265.0,-2.5735294117647056,,,,
2026-06-23,4979.TWO,華星光,技術面,因子轉弱,40.0,-20.0,-60.0,16.0,-8.0,525.0,True,1,500.0,-4.761904761904762,459.0,-12.571428571428573,,,,
2026-06-23,5289.TWO,宜鼎,技術面,因子轉弱,30.0,5.0,-25.0,12.0,2.0,1885.0,True,1,1795.0,-4.774535809018567,1605.0,-14.854111405835543,,,,
2026-06-23,5439.TWO,高技,技術面,因子轉弱,-5.0,-55.0,-50.0,-2.0,-22.0,321.5,True,3,320.5,-0.3110419906687403,302.5,-5.909797822706065,,,,
2026-06-23,5469.TW,瀚宇博,籌碼面,因子轉弱,60.0,30.0,-30.0,32.0,18.0,86.8,False,,85.5,-1.497695852534559,87.4,0.6912442396313463,,,,
2026-06-23,5706.TW,鳳凰,技術面,因子轉弱,70.0,15.0,-55.0,52.0,14.0,52.8,False,,52.7,-0.18939393939392865,51.5,-2.4621212121212066,,,,
2026-06-23,5706.TW,鳳凰,籌碼面,因子轉弱,60.0,20.0,-40.0,52.0,14.0,52.8,False,,52.7,-0.18939393939392865,51.5,-2.4621212121212066,,,,
2026-06-23,6116.TW,彩晶,技術面,因子轉弱,65.0,30.0,-35.0,4.0,-10.0,19.0,True,3,19.4,2.1052631578947296,18.25,-3.9473684210526314,,,,
2026-06-23,6191.TW,精成科,技術面,因子轉弱,45.0,5.0,-40.0,30.0,-38.0,99.1,False,,98.4,-0.7063572149343982,100.5,1.4127144298688252,,,,
2026-06-23,6191.TW,精成科,籌碼面,因子轉弱,30.0,-100.0,-130.0,30.0,-38.0,99.1,False,,98.4,-0.7063572149343982,100.5,1.4127144298688252,,,,
2026-06-23,6213.TW,聯茂,籌碼面,因子轉弱,80.0,50.0,-30.0,46.0,32.0,281.0,False,,309.0,9.9644128113879,346.5,23.309608540925268,,,,
2026-06-23,6214.TW,精誠,技術面,因子轉弱,-10.0,-45.0,-35.0,-34.0,-38.0,130.0,False,,131.0,0.7692307692307693,128.0,-1.5384615384615385,,,,
2026-06-23,6239.TW,力成,技術面,因子轉弱,30.0,-20.0,-50.0,-10.0,-30.0,344.0,True,3,338.0,-1.744186046511628,314.0,-8.720930232558139,,,,
2026-06-23,6274.TWO,台燿,技術面,因子轉弱,70.0,15.0,-55.0,28.0,6.0,1735.0,True,3,1765.0,1.729106628242075,1580.0,-8.93371757925072,,,,
2026-06-23,6285.TW,啟碁,技術面,因子轉弱,-5.0,-55.0,-50.0,-22.0,-52.0,254.0,True,3,255.0,0.39370078740157477,236.0,-7.086614173228346,,,,
2026-06-23,6488.TWO,環球晶,技術面,因子轉弱,55.0,5.0,-50.0,22.0,2.0,1010.0,True,1,965.0,-4.455445544554455,936.0,-7.326732673267326,,,,
2026-06-23,6669.TW,緯穎,技術面,因子轉弱,5.0,-45.0,-50.0,-28.0,-48.0,4675.0,True,3,4605.0,-1.4973262032085561,4280.0,-8.449197860962567,,,,
2026-06-23,7769.TW,鴻勁,技術面,因子轉弱,0.0,-30.0,-30.0,-34.0,-34.0,6810.0,True,3,6755.0,-0.8076358296622614,6500.0,-4.552129221732746,,,,
2026-06-23,8028.TW,昇陽半導體,技術面,因子轉弱,55.0,-20.0,-75.0,-8.0,-38.0,310.0,True,3,309.5,-0.16129032258064516,285.5,-7.903225806451612,,,,
2026-06-23,8039.TW,台虹,技術面,因子轉弱,60.0,-20.0,-80.0,36.0,-16.0,145.5,True,3,148.0,1.718213058419244,137.5,-5.498281786941581,,,,
2026-06-23,8039.TW,台虹,籌碼面,因子轉弱,30.0,-20.0,-50.0,36.0,-16.0,145.5,True,3,148.0,1.718213058419244,137.5,-5.498281786941581,,,,
2026-06-23,8215.TW,明基材,技術面,因子轉弱,30.0,-20.0,-50.0,6.0,4.0,30.0,True,3,30.25,0.8333333333333334,28.15,-6.166666666666671,,,,
2026-06-23,8299.TWO,群聯,技術面,因子轉弱,55.0,-10.0,-65.0,22.0,-4.0,2430.0,True,3,2500.0,2.880658436213992,2310.0,-4.938271604938271,,,,
2026-06-23,8358.TWO,金居,技術面,因子轉弱,85.0,20.0,-65.0,39.0,8.0,657.0,True,3,638.0,-2.89193302891933,570.0,-13.24200913242009,,,,
2026-06-23,8358.TWO,金居,量價面,因子轉弱,25.0,0.0,-25.0,39.0,8.0,657.0,True,3,638.0,-2.89193302891933,570.0,-13.24200913242009,,,,
2026-06-24,00403A.TW,主動統一升級50,技術面,因子轉弱,35.0,5.0,-30.0,26.0,14.0,11.04,False,,11.11,0.6340579710144953,,,,,,
2026-06-24,00878.TW,國泰永續高股息,技術面,因子轉弱,70.0,15.0,-55.0,52.0,18.0,33.66,False,,33.75,0.2673796791443952,,,,,,
2026-06-24,00878.TW,國泰永續高股息,籌碼面,因子轉弱,60.0,30.0,-30.0,52.0,18.0,33.66,False,,33.75,0.2673796791443952,,,,,,
2026-06-24,1303.TW,南亞,籌碼面,因子轉弱,80.0,30.0,-50.0,61.0,30.0,156.0,False,,155.0,-0.641025641025641,,,,,,
2026-06-24,1303.TW,南亞,量價面,因子轉弱,25.0,0.0,-25.0,61.0,30.0,156.0,False,,155.0,-0.641025641025641,,,,,,
2026-06-24,2303.TW,聯電,籌碼面,因子轉弱,60.0,-80.0,-140.0,55.0,-3.0,178.0,False,,178.5,0.2808988764044944,,,,,,
2026-06-24,2327.TW,國巨,籌碼面,因子轉弱,-15.0,-80.0,-65.0,12.0,-14.0,1050.0,False,,1125.0,7.142857142857142,,,,,,
2026-06-24,2330.TW,台積電,技術面,因子轉弱,60.0,15.0,-45.0,36.0,-24.0,2390.0,False,,2390.0,0.0,,,,,,
2026-06-24,2330.TW,台積電,籌碼面,因子轉弱,30.0,-75.0,-105.0,36.0,-24.0,2390.0,False,,2390.0,0.0,,,,,,
2026-06-24,2337.TW,旺宏,技術面,因子轉弱,35.0,5.0,-30.0,38.0,14.0,172.0,True,1,161.5,-6.104651162790697,,,,,,
2026-06-24,2337.TW,旺宏,籌碼面,因子轉弱,60.0,30.0,-30.0,38.0,14.0,172.0,True,1,161.5,-6.104651162790697,,,,,,
2026-06-24,2344.TW,華邦電,技術面,因子轉弱,45.0,5.0,-40.0,-4.0,-30.0,205.0,False,,219.5,7.073170731707316,,,,,,
2026-06-24,2345.TW,智邦,籌碼面,因子轉弱,20.0,-55.0,-75.0,4.0,-30.0,2375.0,False,,2380.0,0.21052631578947367,,,,,,
2026-06-24,2368.TW,金像電,技術面,因子轉弱,-5.0,-35.0,-30.0,-32.0,-44.0,1255.0,False,,1240.0,-1.1952191235059761,,,,,,
2026-06-24,2374.TW,佳能,技術面,因子轉弱,30.0,-20.0,-50.0,10.0,-30.0,75.5,False,,79.4,5.1655629139072925,,,,,,
2026-06-24,2374.TW,佳能,籌碼面,因子轉弱,-5.0,-55.0,-50.0,10.0,-30.0,75.5,False,,79.4,5.1655629139072925,,,,,,
2026-06-24,2383.TW,台光電,技術面,因子轉弱,45.0,5.0,-40.0,42.0,14.0,5560.0,False,,5640.0,1.4388489208633095,,,,,,
2026-06-24,2383.TW,台光電,籌碼面,因子轉弱,60.0,30.0,-30.0,42.0,14.0,5560.0,False,,5640.0,1.4388489208633095,,,,,,
2026-06-24,2451.TW,創見,技術面,因子轉弱,-10.0,-30.0,-20.0,-26.0,-34.0,294.0,False,,288.0,-2.0408163265306123,,,,,,
2026-06-24,2454.TW,聯發科,技術面,因子轉弱,30.0,-10.0,-40.0,36.0,-26.0,4285.0,False,,4310.0,0.5834305717619603,,,,,,
2026-06-24,2454.TW,聯發科,籌碼面,因子轉弱,60.0,-55.0,-115.0,36.0,-26.0,4285.0,False,,4310.0,0.5834305717619603,,,,,,
2026-06-24,2881.TW,富邦金,技術面,因子轉弱,45.0,5.0,-40.0,30.0,-38.0,134.5,False,,136.0,1.1152416356877324,,,,,,
2026-06-24,2881.TW,富邦金,籌碼面,因子轉弱,30.0,-100.0,-130.0,30.0,-38.0,134.5,False,,136.0,1.1152416356877324,,,,,,
2026-06-24,2882.TW,國泰金,技術面,因子轉弱,45.0,5.0,-40.0,-14.0,-28.0,110.0,False,,111.5,1.3636363636363635,,,,,,
2026-06-24,2886.TW,兆豐金,技術面,因子轉弱,70.0,15.0,-55.0,52.0,30.0,44.55,False,,46.65,4.713804713804717,,,,,,
2026-06-24,2891.TW,中信金,技術面,因子轉弱,70.0,15.0,-55.0,52.0,-26.0,69.9,False,,70.6,1.0014306151645045,,,,,,
2026-06-24,2891.TW,中信金,籌碼面,因子轉弱,60.0,-80.0,-140.0,52.0,-26.0,69.9,False,,70.6,1.0014306151645045,,,,,,
2026-06-24,2892.TW,第一金,技術面,因子轉弱,60.0,5.0,-55.0,48.0,26.0,32.05,False,,32.85,2.496099843993773,,,,,,
2026-06-24,3035.TW,智原,量價面,因子轉弱,25.0,0.0,-25.0,45.0,38.0,230.5,False,,229.0,-0.6507592190889371,,,,,,
2026-06-24,3037.TW,欣興,籌碼面,因子轉弱,50.0,-80.0,-130.0,16.0,-36.0,931.0,False,,1020.0,9.559613319011815,,,,,,
2026-06-24,3105.TWO,穩懋,技術面,因子轉弱,30.0,-10.0,-40.0,12.0,-4.0,478.0,True,1,463.0,-3.1380753138075312,,,,,,
2026-06-24,3711.TW,日月光投控,籌碼面,因子轉弱,60.0,30.0,-30.0,38.0,34.0,653.0,False,,641.0,-1.8376722817764166,,,,,,
2026-06-24,4908.TWO,前鼎,技術面,因子轉弱,40.0,5.0,-35.0,16.0,2.0,233.0,True,1,195.5,-16.09442060085837,,,,,,
2026-06-24,4931.TWO,新盛力,技術面,因子轉弱,55.0,5.0,-50.0,22.0,2.0,257.0,False,,257.0,0.0,,,,,,
2026-06-24,4960.TW,誠美材,籌碼面,因子轉弱,-15.0,-45.0,-30.0,-28.0,-40.0,28.35,True,1,27.45,-3.174603174603182,,,,,,
2026-06-24,5469.TW,瀚宇博,籌碼面,因子轉弱,30.0,-70.0,-100.0,18.0,-26.0,85.5,False,,86.1,0.7017543859649056,,,,,,
2026-06-24,5530.TWO,龍巖,技術面,因子轉弱,-10.0,-45.0,-35.0,-4.0,-18.0,48.35,True,1,46.4,-4.033092037228548,,,,,,
2026-06-24,5706.TW,鳳凰,籌碼面,因子轉弱,20.0,-50.0,-70.0,14.0,-18.0,52.7,False,,52.3,-0.7590132827324586,,,,,,
2026-06-24,6230.TW,超眾,技術面,因子轉弱,-35.0,-55.0,-20.0,2.0,-22.0,131.0,False,,129.0,-1.5267175572519083,,,,,,
2026-06-24,6230.TW,超眾,籌碼面,因子轉弱,40.0,0.0,-40.0,2.0,-22.0,131.0,False,,129.0,-1.5267175572519083,,,,,,
2026-06-24,6269.TW,台郡,技術面,因子轉弱,55.0,5.0,-50.0,34.0,14.0,79.0,True,1,75.9,-3.924050632911385,,,,,,
2026-06-24,6275.TWO,元山,技術面,因子轉弱,65.0,20.0,-45.0,26.0,8.0,52.3,True,1,50.0,-4.397705544933073,,,,,,
2026-06-24,7769.TW,鴻勁,技術面,因子轉弱,-30.0,-55.0,-25.0,-34.0,-44.0,6755.0,False,,6920.0,2.4426350851221317,,,,,,
2026-06-24,8028.TW,昇陽半導體,技術面,因子轉弱,-20.0,-45.0,-25.0,-38.0,-38.0,309.5,False,,302.0,-2.4232633279483036,,,,,,
2026-06-24,8150.TW,南茂,技術面,因子轉弱,60.0,5.0,-55.0,48.0,14.0,103.0,True,1,96.0,-6.796116504854369,,,,,,
2026-06-24,8150.TW,南茂,籌碼面,因子轉弱,60.0,30.0,-30.0,48.0,14.0,103.0,True,1,96.0,-6.796116504854369,,,,,,
2026-06-25,0056.TW,元大高股息,技術面,因子轉弱,55.0,5.0,-50.0,34.0,-20.0,53.2,True,1,51.45,-3.289473684210526,,,,,,
2026-06-25,0056.TW,元大高股息,籌碼面,因子轉弱,30.0,-55.0,-85.0,34.0,-20.0,53.2,True,1,51.45,-3.289473684210526,,,,,,
2026-06-25,1409.TW,新纖,技術面,因子轉弱,55.0,5.0,-50.0,0.0,-20.0,27.05,True,1,26.1,-3.5120147874306813,,,,,,
2026-06-25,1714.TW,和桐,技術面,因子轉弱,45.0,5.0,-40.0,42.0,26.0,18.5,False,,18.55,0.2702702702702741,,,,,,
2026-06-25,2002.TW,中鋼,技術面,因子轉弱,20.0,-30.0,-50.0,32.0,0.0,19.05,False,,19.0,-0.2624671916010536,,,,,,
2026-06-25,2002.TW,中鋼,籌碼面,因子轉弱,60.0,30.0,-30.0,32.0,0.0,19.05,False,,19.0,-0.2624671916010536,,,,,,
2026-06-25,2027.TW,大成鋼,籌碼面,因子轉弱,-15.0,-55.0,-40.0,-28.0,-44.0,40.2,False,,39.9,-0.7462686567164285,,,,,,
2026-06-25,2303.TW,聯電,量價面,因子轉弱,25.0,0.0,-25.0,-3.0,34.0,178.5,True,1,164.0,-8.123249299719888,,,,,,
2026-06-25,2312.TW,金寶,籌碼面,因子轉弱,50.0,-75.0,-125.0,36.0,-12.0,38.95,True,1,33.5,-13.992297817715023,,,,,,
2026-06-25,2317.TW,鴻海,技術面,因子轉弱,-30.0,-55.0,-25.0,-42.0,-52.0,257.5,True,1,248.5,-3.4951456310679614,,,,,,
2026-06-25,2324.TW,仁寶,技術面,因子轉弱,30.0,-20.0,-50.0,-18.0,-38.0,36.85,True,1,34.8,-5.563093622795127,,,,,,
2026-06-25,2331.TW,精英,技術面,因子轉弱,15.0,-45.0,-60.0,2.0,-48.0,21.45,True,1,20.6,-3.962703962703953,,,,,,
2026-06-25,2331.TW,精英,籌碼面,因子轉弱,-10.0,-75.0,-65.0,2.0,-48.0,21.45,True,1,20.6,-3.962703962703953,,,,,,
2026-06-25,2337.TW,旺宏,籌碼面,因子轉弱,30.0,-75.0,-105.0,14.0,-24.0,161.5,False,,162.5,0.6191950464396285,,,,,,
2026-06-25,2353.TW,宏碁,籌碼面,因子轉弱,60.0,30.0,-30.0,6.0,-6.0,33.8,True,1,31.9,-5.621301775147925,,,,,,
2026-06-25,2368.TW,金像電,技術面,因子轉弱,-35.0,-55.0,-20.0,-44.0,-34.0,1240.0,True,1,1190.0,-4.032258064516129,,,,,,
2026-06-25,2382.TW,廣達,技術面,因子轉弱,5.0,-20.0,-25.0,26.0,0.0,366.5,False,,362.0,-1.227830832196453,,,,,,
2026-06-25,2382.TW,廣達,籌碼面,因子轉弱,60.0,20.0,-40.0,26.0,0.0,366.5,False,,362.0,-1.227830832196453,,,,,,
2026-06-25,2401.TW,凌陽,籌碼面,因子轉弱,80.0,50.0,-30.0,56.0,42.0,34.9,True,1,31.65,-9.312320916905446,,,,,,
2026-06-25,2409.TW,友達,籌碼面,因子轉弱,30.0,-75.0,-105.0,34.0,-12.0,30.4,True,1,27.95,-8.059210526315788,,,,,,
2026-06-25,2421.TW,建準,技術面,因子轉弱,20.0,-30.0,-50.0,6.0,-42.0,145.5,True,1,137.0,-5.841924398625429,,,,,,
2026-06-25,2421.TW,建準,籌碼面,因子轉弱,-5.0,-75.0,-70.0,6.0,-42.0,145.5,True,1,137.0,-5.841924398625429,,,,,,
2026-06-25,2485.TW,兆赫,籌碼面,因子轉弱,10.0,-50.0,-60.0,-14.0,-42.0,57.0,True,1,52.2,-8.421052631578943,,,,,,
2026-06-25,2603.TW,長榮,籌碼面,因子轉弱,60.0,-75.0,-135.0,2.0,-52.0,185.0,False,,213.0,15.135135135135137,,,,,,
2026-06-25,2605.TW,新興,技術面,因子轉弱,-20.0,-80.0,-60.0,-14.0,-54.0,30.95,True,1,29.3,-5.331179321486264,,,,,,
2026-06-25,2605.TW,新興,籌碼面,因子轉弱,-15.0,-55.0,-40.0,-14.0,-54.0,30.95,True,1,29.3,-5.331179321486264,,,,,,
2026-06-25,2609.TW,陽明,籌碼面,因子轉弱,60.0,30.0,-30.0,12.0,0.0,51.4,False,,50.1,-2.5291828793774265,,,,,,
2026-06-25,2748.TW,雲品,技術面,因子轉弱,5.0,-20.0,-25.0,18.0,12.0,39.7,False,,39.3,-1.0075566750629865,,,,,,
2026-06-25,3062.TW,建漢,技術面,因子轉弱,-30.0,-55.0,-25.0,-34.0,-44.0,24.95,True,1,24.0,-3.8076152304609194,,,,,,
2026-06-25,3163.TWO,波若威,技術面,因子轉弱,-20.0,-55.0,-35.0,-8.0,-22.0,800.0,True,1,720.0,-10.0,,,,,,
2026-06-25,3189.TW,景碩,籌碼面,因子轉弱,30.0,-30.0,-60.0,24.0,10.0,812.0,False,,797.0,-1.8472906403940887,,,,,,
2026-06-25,3673.TW,TPK-KY,技術面,因子轉弱,5.0,-20.0,-25.0,-20.0,-30.0,81.9,True,1,76.5,-6.5934065934066,,,,,,
2026-06-25,3711.TW,日月光投控,技術面,因子轉弱,55.0,5.0,-50.0,34.0,14.0,641.0,False,,632.0,-1.40405616224649,,,,,,
2026-06-25,4908.TWO,前鼎,技術面,因子轉弱,5.0,-20.0,-25.0,2.0,-8.0,195.5,True,1,185.0,-5.3708439897698215,,,,,,
2026-06-25,4967.TW,十銓,技術面,因子轉弱,20.0,-20.0,-40.0,-4.0,-30.0,276.0,True,1,265.0,-3.985507246376811,,,,,,
2026-06-25,6269.TW,台郡,籌碼面,因子轉弱,30.0,-80.0,-110.0,14.0,-30.0,75.9,True,1,71.6,-5.665349143610028,,,,,,
2026-06-25,6275.TWO,元山,技術面,因子轉弱,20.0,-20.0,-40.0,8.0,-8.0,50.0,True,1,47.55,-4.900000000000006,,,,,,
2026-06-25,6285.TW,啟碁,籌碼面,因子轉弱,-30.0,-75.0,-45.0,-34.0,-52.0,256.5,True,1,236.0,-7.992202729044834,,,,,,
2026-06-25,6426.TW,統新,技術面,因子轉弱,20.0,-20.0,-40.0,4.0,-36.0,214.0,True,1,193.0,-9.813084112149532,,,,,,
2026-06-25,6426.TW,統新,籌碼面,因子轉弱,-10.0,-70.0,-60.0,4.0,-36.0,214.0,True,1,193.0,-9.813084112149532,,,,,,
2026-06-25,8039.TW,台虹,籌碼面,因子轉弱,80.0,-70.0,-150.0,40.0,-26.0,143.5,True,1,137.5,-4.181184668989547,,,,,,
2026-06-25,8215.TW,明基材,籌碼面,因子轉弱,60.0,-65.0,-125.0,16.0,-24.0,29.55,True,1,28.15,-4.73773265651439,,,,,,
2026-06-25,8299.TWO,群聯,技術面,因子轉弱,55.0,-20.0,-75.0,22.0,-8.0,2475.0,True,1,2310.0,-6.666666666666667,,,,,,
2026-06-25,9105.TW,泰金寶-DR,籌碼面,因子轉弱,30.0,-55.0,-85.0,28.0,-10.0,9.62,True,1,9.32,-3.1185031185031074,,,,,,
2026-06-26,00403A.TW,主動統一升級50,籌碼面,因子轉弱,30.0,-80.0,-110.0,14.0,-26.0,10.56,False,,,,,,,,,
2026-06-26,00878.TW,國泰永續高股息,籌碼面,因子轉弱,30.0,-80.0,-110.0,14.0,-26.0,32.71,False,,,,,,,,,
2026-06-26,1303.TW,南亞,技術面,因子轉弱,45.0,5.0,-40.0,42.0,14.0,148.0,False,,,,,,,,,
2026-06-26,1303.TW,南亞,籌碼面,因子轉弱,60.0,30.0,-30.0,42.0,14.0,148.0,False,,,,,,,,,
2026-06-26,2303.TW,聯電,技術面,因子轉弱,55.0,5.0,-50.0,34.0,-30.0,164.0,False,,,,,,,,,
2026-06-26,2303.TW,聯電,籌碼面,因子轉弱,30.0,-80.0,-110.0,34.0,-30.0,164.0,False,,,,,,,,,
2026-06-26,2312.TW,金寶,技術面,因子轉弱,45.0,-30.0,-75.0,-12.0,-42.0,33.5,False,,,,,,,,,
2026-06-26,2324.TW,仁寶,技術面,因子轉弱,-20.0,-45.0,-25.0,-38.0,-48.0,34.8,False,,,,,,,,,
2026-06-26,2327.TW,國巨,技術面,因子轉弱,45.0,15.0,-30.0,42.0,-26.0,1015.0,False,,,,,,,,,
2026-06-26,2327.TW,國巨,籌碼面,因子轉弱,60.0,-80.0,-140.0,42.0,-26.0,1015.0,False,,,,,,,,,
2026-06-26,2329.TW,華泰,技術面,因子轉弱,45.0,-20.0,-65.0,30.0,-40.0,53.4,False,,,,,,,,,
2026-06-26,2329.TW,華泰,籌碼面,因子轉弱,30.0,-80.0,-110.0,30.0,-40.0,53.4,False,,,,,,,,,
2026-06-26,2338.TW,光罩,籌碼面,因子轉弱,30.0,-80.0,-110.0,4.0,-36.0,47.5,False,,,,,,,,,
2026-06-26,2344.TW,華邦電,技術面,因子轉弱,45.0,5.0,-40.0,6.0,-30.0,206.5,False,,,,,,,,,
2026-06-26,2344.TW,華邦電,籌碼面,因子轉弱,-30.0,-80.0,-50.0,6.0,-30.0,206.5,False,,,,,,,,,
2026-06-26,2345.TW,智邦,技術面,因子轉弱,-10.0,-35.0,-25.0,-34.0,-24.0,2380.0,False,,,,,,,,,
2026-06-26,2356.TW,英業達,技術面,因子轉弱,-20.0,-55.0,-35.0,-22.0,-28.0,63.3,False,,,,,,,,,
2026-06-26,2374.TW,佳能,技術面,因子轉弱,40.0,-10.0,-50.0,-2.0,-26.0,74.8,False,,,,,,,,,
2026-06-26,2382.TW,廣達,籌碼面,因子轉弱,20.0,-55.0,-75.0,0.0,-36.0,362.0,False,,,,,,,,,
2026-06-26,2401.TW,凌陽,技術面,因子轉弱,55.0,5.0,-50.0,42.0,22.0,31.65,False,,,,,,,,,
2026-06-26,2408.TW,南亞科,技術面,因子轉弱,45.0,15.0,-30.0,30.0,18.0,449.0,False,,,,,,,,,
2026-06-26,2409.TW,友達,技術面,因子轉弱,45.0,5.0,-40.0,-12.0,-20.0,27.95,False,,,,,,,,,
2026-06-26,2454.TW,聯發科,技術面,因子轉弱,-20.0,-40.0,-20.0,-30.0,-46.0,3880.0,False,,,,,,,,,
2026-06-26,2498.TW,宏達電,籌碼面,因子轉弱,30.0,-100.0,-130.0,14.0,-42.0,42.9,False,,,,,,,,,
2026-06-26,2606.TW,裕民,技術面,因子轉弱,-15.0,-45.0,-30.0,18.0,-6.0,59.6,False,,,,,,,,,
2026-06-26,2606.TW,裕民,籌碼面,因子轉弱,60.0,30.0,-30.0,18.0,-6.0,59.6,False,,,,,,,,,
2026-06-26,2607.TW,榮運,技術面,因子轉弱,35.0,-20.0,-55.0,12.0,-26.0,48.45,False,,,,,,,,,
2026-06-26,2607.TW,榮運,籌碼面,因子轉弱,-5.0,-45.0,-40.0,12.0,-26.0,48.45,False,,,,,,,,,
2026-06-26,2707.TW,晶華,技術面,因子轉弱,35.0,-15.0,-50.0,34.0,14.0,178.5,False,,,,,,,,,
2026-06-26,3013.TW,晟銘電,技術面,因子轉弱,-20.0,-45.0,-25.0,12.0,-10.0,103.0,False,,,,,,,,,
2026-06-26,3013.TW,晟銘電,籌碼面,因子轉弱,50.0,20.0,-30.0,12.0,-10.0,103.0,False,,,,,,,,,
2026-06-26,3017.TW,奇鋐,技術面,因子轉弱,20.0,-20.0,-40.0,20.0,-38.0,2255.0,False,,,,,,,,,
2026-06-26,3017.TW,奇鋐,籌碼面,因子轉弱,30.0,-75.0,-105.0,20.0,-38.0,2255.0,False,,,,,,,,,
2026-06-26,3035.TW,智原,技術面,因子轉弱,45.0,5.0,-40.0,38.0,22.0,206.5,False,,,,,,,,,
2026-06-26,3037.TW,欣興,籌碼面,因子轉弱,80.0,30.0,-50.0,44.0,18.0,975.0,False,,,,,,,,,
2026-06-26,3037.TW,欣興,量價面,因子轉弱,0.0,-20.0,-20.0,44.0,18.0,975.0,False,,,,,,,,,
2026-06-26,3105.TWO,穩懋,技術面,因子轉弱,5.0,-45.0,-50.0,2.0,-18.0,424.0,False,,,,,,,,,
2026-06-26,3211.TWO,順達,技術面,因子轉弱,-20.0,-80.0,-60.0,-8.0,-32.0,390.0,False,,,,,,,,,
2026-06-26,3231.TW,緯創,技術面,因子轉弱,-10.0,-45.0,-35.0,-26.0,-40.0,153.0,False,,,,,,,,,
2026-06-26,3260.TWO,威剛,技術面,因子轉弱,-20.0,-45.0,-25.0,-8.0,-18.0,397.5,False,,,,,,,,,
2026-06-26,3324.TWO,雙鴻,技術面,因子轉弱,30.0,-45.0,-75.0,12.0,-18.0,970.0,False,,,,,,,,,
2026-06-26,3481.TW,群創,技術面,因子轉弱,45.0,5.0,-40.0,6.0,-20.0,65.0,False,,,,,,,,,
2026-06-26,4908.TWO,前鼎,技術面,因子轉弱,-20.0,-55.0,-35.0,-8.0,-22.0,185.0,False,,,,,,,,,
2026-06-26,4966.TWO,譜瑞-KY,技術面,因子轉弱,-20.0,-45.0,-25.0,-8.0,-18.0,608.0,False,,,,,,,,,
2026-06-26,4967.TW,十銓,技術面,因子轉弱,-20.0,-45.0,-25.0,-30.0,-40.0,265.0,False,,,,,,,,,
2026-06-26,4979.TWO,華星光,技術面,因子轉弱,-10.0,-45.0,-35.0,-4.0,-18.0,459.0,False,,,,,,,,,
2026-06-26,5289.TWO,宜鼎,技術面,因子轉弱,5.0,-45.0,-50.0,2.0,-18.0,1605.0,False,,,,,,,,,
2026-06-26,5530.TWO,龍巖,技術面,因子轉弱,0.0,-45.0,-45.0,0.0,-18.0,47.15,False,,,,,,,,,
2026-06-26,5706.TW,鳳凰,技術面,因子轉弱,15.0,-15.0,-30.0,-22.0,-28.0,51.5,False,,,,,,,,,
2026-06-26,6230.TW,超眾,籌碼面,因子轉弱,0.0,-50.0,-50.0,-18.0,-38.0,122.0,False,,,,,,,,,
2026-06-26,6239.TW,力成,技術面,因子轉弱,5.0,-45.0,-50.0,-20.0,-38.0,314.0,False,,,,,,,,,
2026-06-26,7769.TW,鴻勁,技術面,因子轉弱,-15.0,-55.0,-40.0,-28.0,-40.0,6500.0,False,,,,,,,,,
2026-06-26,8039.TW,台虹,技術面,因子轉弱,5.0,-20.0,-25.0,-26.0,12.0,137.5,False,,,,,,,,,
2026-06-26,8150.TW,南茂,籌碼面,因子轉弱,30.0,-20.0,-50.0,14.0,-2.0,97.5,False,,,,,,,,,
2026-06-26,8215.TW,明基材,技術面,因子轉弱,5.0,-45.0,-50.0,-24.0,-10.0,28.15,False,,,,,,,,,
2026-06-26,9105.TW,泰金寶-DR,技術面,因子轉弱,30.0,-45.0,-75.0,-10.0,-40.0,9.32,False,,,,,,,,,
