snapshot_date,snapshot_time,source_file,股票代號,股票名稱,收盤價,5日線,10日線,20日線,成交量,5日均量,20日高點,20日低點,量價異常,籌碼1日,籌碼3日,籌碼5日,籌碼10日,外資1日,外資3日,外資5日,外資10日,投信1日,投信3日,投信5日,投信10日,自營商1日,自營商3日,自營商5日,自營商10日,技術分數,狀態,綜合判斷,技術面,籌碼面,AI評語,DeepTrend分數,技術面分數,籌碼分數,量價分數,前次分數,分數變化,分數變化率
2026-06-03,2026-06-04 00:09:57,output/stock_analysis_result.xlsx,3231.TW,緯創,191.0,162.6,152.5,146.32,282187864,114050684,191.0,132.0,帶量突破20日高點,110166233,155632663,159699038,227335419,91902682,133435632,135886232,199915300,17001000,18929000,20526000,21148246,1262551,3268031,3286806,6271873,195,🔥強勢,強勢觀察,站上5日線、多頭排列、爆量、突破20日高點、帶量突破20日高點,法人連續偏買、5日法人明顯買超、外資投信同步買超,強勢偏多：站上5日線、多頭排列、爆量、突破20日高點、帶量突破20日高點、法人連續偏買、5日法人明顯買超、外資投信同步買超。可列入優先觀察，但仍需留意乖離與量能是否過熱。,,,,,,,
2026-06-03,2026-06-04 00:09:57,output/stock_analysis_result.xlsx,2498.TW,宏達電,50.0,45.86,45.72,43.9,37219368,16065718,50.0,38.65,帶量突破20日高點,9984413,13401152,16061563,17580865,8688404,11702979,14211979,15975318,-6000,-6000,-8000,-28000,1302009,1704173,1857584,1633547,175,🔥強勢,強勢觀察,站上5日線、多頭排列、爆量、突破20日高點、帶量突破20日高點,法人連續偏買、5日法人明顯買超、外資買投信賣,強勢偏多：站上5日線、多頭排列、爆量、突破20日高點、帶量突破20日高點、法人連續偏買、5日法人明顯買超、外資買投信賣。可列入優先觀察，但仍需留意乖離與量能是否過熱。,,,,,,,
2026-06-03,2026-06-04 00:09:57,output/stock_analysis_result.xlsx,0056.TW,元大高股息,52.8,50.67,48.59,46.7,69462828,62187537,52.8,43.16,無明顯異常,25398318,73650098,99074323,216453878,20172152,47470733,61094393,118371139,0,230000,2330000,1990000,5226166,25949365,35649930,96092739,160,🔥強勢,強勢觀察,站上5日線、多頭排列、量能溫和放大、突破20日高點,法人連續偏買、5日法人明顯買超、外資投信同步買超,強勢偏多：站上5日線、多頭排列、量能溫和放大、突破20日高點、法人連續偏買、5日法人明顯買超、外資投信同步買超。可列入優先觀察，但仍需留意乖離與量能是否過熱。,,,,,,,
2026-06-03,2026-06-04 00:09:57,output/stock_analysis_result.xlsx,2344.TW,華邦電,184.5,161.9,143.35,131.78,270430116,323417408,184.5,103.5,無明顯異常,25833459,97816855,123740503,284701329,12925256,59740683,74514492,226449583,12930000,36135147,46806299,53900723,-21797,1941025,2419712,4351023,150,🔥強勢,強勢觀察,站上5日線、多頭排列、量能未放大、突破20日高點,法人連續偏買、5日法人明顯買超、外資投信同步買超,強勢偏多：站上5日線、多頭排列、量能未放大、突破20日高點、法人連續偏買、5日法人明顯買超、外資投信同步買超。可列入優先觀察，但仍需留意乖離與量能是否過熱。,,,,,,,
2026-06-03,2026-06-04 00:09:57,output/stock_analysis_result.xlsx,2376.TW,技嘉,390.5,363.5,343.1,330.3,25610532,24834434,396.0,283.0,無明顯異常,2805857,10499859,11238323,11935285,-415232,490315,905865,1076285,3252000,8962024,9204024,9837945,-30911,1047520,1128434,1021055,150,🔥強勢,強勢觀察,站上5日線、多頭排列、量能溫和放大、接近20日高點,法人連續偏買、5日法人明顯買超、外資投信同步買超,強勢偏多：站上5日線、多頭排列、量能溫和放大、接近20日高點、法人連續偏買、5日法人明顯買超、外資投信同步買超。可列入優先觀察，但仍需留意乖離與量能是否過熱。,,,,,,,
2026-06-03,2026-06-04 00:09:57,output/stock_analysis_result.xlsx,2408.TW,南亞科,419.5,356.8,326.2,314.0,171631936,174919886,419.5,260.0,無明顯異常,23790379,77991729,82243998,66486872,18321681,64821550,70568527,73972511,5366000,12339001,12297001,-5657889,102698,831178,-621530,-1827750,150,🔥強勢,強勢觀察,站上5日線、多頭排列、量能未放大、突破20日高點,法人連續偏買、5日法人明顯買超、外資投信同步買超,強勢偏多：站上5日線、多頭排列、量能未放大、突破20日高點、法人連續偏買、5日法人明顯買超、外資投信同步買超。可列入優先觀察，但仍需留意乖離與量能是否過熱。,,,,,,,
2026-06-03,2026-06-04 00:09:57,output/stock_analysis_result.xlsx,2317.TW,鴻海,301.5,282.2,266.85,258.18,113076476,152099889,304.5,239.5,無明顯異常,27572146,114808214,134934212,225693771,25502562,99266396,118882485,212312527,2068000,11299000,11432866,9824449,1584,4242818,4618861,3556795,140,🔥強勢,強勢觀察,站上5日線、多頭排列、量能未放大、接近20日高點,法人連續偏買、5日法人明顯買超、外資投信同步買超,強勢偏多：站上5日線、多頭排列、量能未放大、接近20日高點、法人連續偏買、5日法人明顯買超、外資投信同步買超。可列入優先觀察，但仍需留意乖離與量能是否過熱。,,,,,,,
2026-06-03,2026-06-04 00:09:57,output/stock_analysis_result.xlsx,2330.TW,台積電,2380.0,2337.0,2293.5,2273.75,41532527,57968955,2415.0,2185.0,無明顯異常,785136,12907350,22090715,14620032,391294,10363903,19174825,6187704,-67897,739567,740799,6162807,461739,1803880,2175091,2269521,140,🔥強勢,強勢觀察,站上5日線、多頭排列、量能未放大、接近20日高點,法人連續偏買、5日法人明顯買超、外資投信同步買超,強勢偏多：站上5日線、多頭排列、量能未放大、接近20日高點、法人連續偏買、5日法人明顯買超、外資投信同步買超。可列入優先觀察，但仍需留意乖離與量能是否過熱。,,,,,,,
2026-06-03,2026-06-04 00:09:57,output/stock_analysis_result.xlsx,2603.TW,長榮,231.0,218.1,215.95,212.05,35901526,33270264,231.0,195.5,無明顯異常,7951915,28401326,28092687,66256282,-7856376,-13611460,-23562509,-2072646,14904941,39750187,48700678,63699163,903350,2262599,2954518,4629765,140,🔥強勢,強勢觀察,站上5日線、多頭排列、量能溫和放大、突破20日高點,法人連續偏買、5日法人明顯買超、投信買外資賣,強勢偏多：站上5日線、多頭排列、量能溫和放大、突破20日高點、法人連續偏買、5日法人明顯買超、投信買外資賣。可列入優先觀察，但仍需留意乖離與量能是否過熱。,,,,,,,
2026-06-03,2026-06-04 00:09:57,output/stock_analysis_result.xlsx,3324.TWO,雙鴻,1165.0,1083.0,1041.4,1040.35,7264000,4468600,1220.0,936.0,無明顯異常,2258596,4115203,3668360,2047412,2245986,3765157,3395725,1973522,900,2900,10900,-66915,11710,347146,261735,140805,140,🔥強勢,強勢觀察,站上5日線、多頭排列、成交量放大,法人連續偏買、5日法人明顯買超、外資投信同步買超,強勢偏多：站上5日線、多頭排列、成交量放大、法人連續偏買、5日法人明顯買超、外資投信同步買超。可列入優先觀察，但仍需留意乖離與量能是否過熱。,,,,,,,
2026-06-03,2026-06-04 00:09:57,output/stock_analysis_result.xlsx,6488.TWO,環球晶,1015.0,905.2,794.5,770.05,11189000,12916600,1020.0,597.0,無明顯異常,162249,2631325,8154362,3673434,253787,1586971,578662,-3954722,-422744,-69601,6737532,5790882,331206,1113955,838168,1837274,140,🔥強勢,強勢觀察,站上5日線、多頭排列、量能未放大、接近20日高點,法人連續偏買、5日法人明顯買超、外資投信同步買超,強勢偏多：站上5日線、多頭排列、量能未放大、接近20日高點、法人連續偏買、5日法人明顯買超、外資投信同步買超。可列入優先觀察，但仍需留意乖離與量能是否過熱。,,,,,,,
2026-06-03,2026-06-04 00:09:57,output/stock_analysis_result.xlsx,1303.TW,南亞,112.5,100.82,93.68,90.66,151715085,125200668,118.0,80.4,無明顯異常,17417137,96477117,143464253,190436135,16575842,89841244,135525546,184265443,2133396,5130853,6431585,5365685,-1292101,1505020,1507122,805007,135,🔥強勢,強勢觀察,站上5日線、多頭排列、量能溫和放大,法人連續偏買、5日法人明顯買超、外資投信同步買超,強勢偏多：站上5日線、多頭排列、量能溫和放大、法人連續偏買、5日法人明顯買超、外資投信同步買超。可列入優先觀察，但仍需留意乖離與量能是否過熱。,,,,,,,
2026-06-03,2026-06-04 00:09:57,output/stock_analysis_result.xlsx,2027.TW,大成鋼,43.65,42.54,42.33,40.86,33817082,25080870,44.75,37.6,無明顯異常,2392835,13256192,25091584,64253723,7811291,11262778,20258423,65055407,-5695000,24000,24000,-3180000,276544,1969414,4809161,2378316,135,🔥強勢,強勢觀察,站上5日線、多頭排列、量能溫和放大,法人連續偏買、5日法人明顯買超、外資投信同步買超,強勢偏多：站上5日線、多頭排列、量能溫和放大、法人連續偏買、5日法人明顯買超、外資投信同步買超。可列入優先觀察，但仍需留意乖離與量能是否過熱。,,,,,,,
2026-06-03,2026-06-04 00:09:57,output/stock_analysis_result.xlsx,00878.TW,國泰永續高股息,32.49,31.16,29.78,28.8,111980868,97679491,32.5,26.9,無明顯異常,50989129,141750141,190010625,446290762,17420827,60474000,111782158,279670276,0,0,0,2500000,33568302,81276141,78228467,164120486,130,🔥強勢,強勢觀察,站上5日線、多頭排列、量能溫和放大、接近20日高點,法人連續偏買、5日法人明顯買超,強勢偏多：站上5日線、多頭排列、量能溫和放大、接近20日高點、法人連續偏買、5日法人明顯買超。可列入優先觀察，但仍需留意乖離與量能是否過熱。,,,,,,,
2026-06-03,2026-06-04 00:09:57,output/stock_analysis_result.xlsx,3062.TW,建漢,31.4,30.36,29.89,28.67,14200637,12700714,31.95,25.55,無明顯異常,3608654,4771014,5613297,16373416,3649755,4479803,5345851,15451796,0,0,0,0,-41101,291211,267446,921620,130,🔥強勢,強勢觀察,站上5日線、多頭排列、量能溫和放大、接近20日高點,法人連續偏買、5日法人明顯買超,強勢偏多：站上5日線、多頭排列、量能溫和放大、接近20日高點、法人連續偏買、5日法人明顯買超。可列入優先觀察，但仍需留意乖離與量能是否過熱。,,,,,,,
2026-06-03,2026-06-04 00:09:57,output/stock_analysis_result.xlsx,2618.TW,長榮航,37.25,36.22,35.68,35.27,84389805,88777580,37.85,33.7,無明顯異常,3007807,33011634,14678372,6369836,-38331924,-83239905,-118612558,-175002575,41577808,115447051,132330184,179645474,-238077,804488,960746,1726937,120,🔥強勢,強勢觀察,站上5日線、多頭排列、量能未放大、接近20日高點,法人連續偏買、5日法人明顯買超、投信買外資賣,強勢偏多：站上5日線、多頭排列、量能未放大、接近20日高點、法人連續偏買、5日法人明顯買超、投信買外資賣。可列入優先觀察，但仍需留意乖離與量能是否過熱。,,,,,,,
2026-06-03,2026-06-04 00:09:57,output/stock_analysis_result.xlsx,2382.TW,廣達,400.5,346.5,327.95,328.25,151608396,80579083,409.5,288.5,帶量突破20日高點,21893967,45194980,36660149,39893653,-14582246,-15338081,-36751663,-74470550,37188225,59899225,72452435,114949278,-712012,633836,959377,-585075,120,🔥強勢,強勢觀察,站上5日線、成交量放大、帶量突破20日高點,法人連續偏買、5日法人明顯買超、投信買外資賣,強勢偏多：站上5日線、成交量放大、帶量突破20日高點、法人連續偏買、5日法人明顯買超、投信買外資賣。可列入優先觀察，但仍需留意乖離與量能是否過熱。,,,,,,,
2026-06-03,2026-06-04 00:09:57,output/stock_analysis_result.xlsx,2337.TW,旺宏,175.5,165.0,156.95,158.75,247731538,214432696,180.0,136.5,無明顯異常,31776921,58557120,10953707,42964367,27576860,50133893,4442037,45182705,3292000,6403000,6243000,-1707000,908061,2020227,268670,-511338,110,🔥強勢,強勢觀察,站上5日線、量能溫和放大,法人連續偏買、5日法人明顯買超、外資投信同步買超,強勢偏多：站上5日線、量能溫和放大、法人連續偏買、5日法人明顯買超、外資投信同步買超。可列入優先觀察，但仍需留意乖離與量能是否過熱。,,,,,,,
2026-06-03,2026-06-04 00:09:57,output/stock_analysis_result.xlsx,8215.TW,明基材,31.45,30.23,29.41,28.62,9361391,7974139,32.55,26.3,無明顯異常,-363606,3394321,2627472,5108655,-454166,3181018,2415018,4818692,165000,173000,173000,219000,-74440,40303,39454,70963,105,🔥強勢,強勢觀察,站上5日線、多頭排列、量能溫和放大,5日法人明顯買超、外資投信同步買超,強勢偏多：站上5日線、多頭排列、量能溫和放大、5日法人明顯買超、外資投信同步買超。可列入優先觀察，但仍需留意乖離與量能是否過熱。,,,,,,,
2026-06-03,2026-06-04 00:09:57,output/stock_analysis_result.xlsx,3481.TW,群創,56.2,51.98,47.69,40.86,1163170448,1033743519,58.8,26.8,無明顯異常,-195611341,55247448,87686194,-906948,-208585325,35367431,67023143,-16935718,24152000,29259444,23729444,20923859,-11178016,-9379427,-3066393,-4895089,105,🔥強勢,強勢觀察,站上5日線、多頭排列、量能溫和放大,5日法人明顯買超、外資投信同步買超,強勢偏多：站上5日線、多頭排列、量能溫和放大、5日法人明顯買超、外資投信同步買超。可列入優先觀察，但仍需留意乖離與量能是否過熱。,,,,,,,
2026-06-03,2026-06-04 00:09:57,output/stock_analysis_result.xlsx,9105.TW,泰金寶-DR,10.5,9.21,8.01,6.86,271642439,231621898,10.6,5.55,無明顯異常,-12357264,-3481096,2026133,44644735,-10001479,-2129259,8122792,40393392,0,0,0,0,-2355785,-1351837,-6096659,4251343,100,🔥強勢,強勢觀察,站上5日線、多頭排列、量能溫和放大、接近20日高點,5日法人明顯買超,強勢偏多：站上5日線、多頭排列、量能溫和放大、接近20日高點、5日法人明顯買超。可列入優先觀察，但仍需留意乖離與量能是否過熱。,,,,,,,
2026-06-03,2026-06-04 00:09:57,output/stock_analysis_result.xlsx,3017.TW,奇鋐,2700.0,2686.0,2611.0,2543.75,4220815,5628730,2835.0,2300.0,無明顯異常,-395783,955784,1340822,1692656,-272021,605907,812909,-24177,-118000,247877,538877,1674845,-5762,102000,-10964,41988,95,🔥強勢,強勢觀察,站上5日線、多頭排列、量能未放大,5日法人明顯買超、外資投信同步買超,強勢偏多：站上5日線、多頭排列、量能未放大、5日法人明顯買超、外資投信同步買超。可列入優先觀察，但仍需留意乖離與量能是否過熱。,,,,,,,
2026-06-03,2026-06-04 00:09:57,output/stock_analysis_result.xlsx,3189.TW,景碩,743.0,725.8,666.1,580.73,6753281,11835885,778.0,445.5,無明顯異常,-543481,2949574,1946015,25371407,159473,2821599,1092799,18023329,-11905,2381,871572,6833572,-691049,125594,-18356,514506,95,🔥強勢,強勢觀察,站上5日線、多頭排列、量能未放大,5日法人明顯買超、外資投信同步買超,強勢偏多：站上5日線、多頭排列、量能未放大、5日法人明顯買超、外資投信同步買超。可列入優先觀察，但仍需留意乖離與量能是否過熱。,,,,,,,
2026-06-03,2026-06-04 00:09:57,output/stock_analysis_result.xlsx,6669.TW,緯穎,5475.0,5292.0,5313.0,5271.0,1953015,2328833,5880.0,4630.0,無明顯異常,139803,903464,454800,266199,201318,693363,472298,558614,3000,261963,141813,-220366,-64515,-51862,-159311,-72049,90,🔥強勢,強勢觀察,站上5日線、量能未放大,法人連續偏買、5日法人買超、外資投信同步買超,強勢偏多：站上5日線、量能未放大、法人連續偏買、5日法人買超、外資投信同步買超。可列入優先觀察，但仍需留意乖離與量能是否過熱。,,,,,,,
2026-06-03,2026-06-04 00:09:57,output/stock_analysis_result.xlsx,2609.TW,陽明,53.6,53.22,52.43,51.02,71874958,40472847,55.7,47.35,無明顯異常,-11144966,11190396,24413548,46722261,19358804,47089739,61618385,84170507,-30584550,-36928324,-38412024,-38493840,80780,1028981,1207187,1045594,90,🔥強勢,強勢觀察,站上5日線、多頭排列、成交量放大,5日法人明顯買超、外資買投信賣,強勢偏多：站上5日線、多頭排列、成交量放大、5日法人明顯買超、外資買投信賣。可列入優先觀察，但仍需留意乖離與量能是否過熱。,,,,,,,
2026-06-03,2026-06-04 00:09:57,output/stock_analysis_result.xlsx,2707.TW,晶華,174.5,173.1,173.15,172.62,252102,236121,176.5,168.5,無明顯異常,99000,241000,281085,231866,99000,242000,280085,231085,0,0,0,0,0,-1000,1000,781,85,🔥強勢,強勢觀察,站上5日線、量能溫和放大、接近20日高點、接近20日低點,法人連續偏買、5日法人買超,強勢偏多：站上5日線、量能溫和放大、接近20日高點、接近20日低點、法人連續偏買、5日法人買超。可列入優先觀察，但仍需留意乖離與量能是否過熱。,,,,,,,
2026-06-03,2026-06-04 00:09:57,output/stock_analysis_result.xlsx,2374.TW,佳能,82.5,81.96,81.85,81.17,14325800,15097617,86.4,77.1,無明顯異常,-1791149,1809752,1203067,5941752,-1607024,1329595,813946,5531488,0,-1000,-1000,-1000,-184125,481157,390121,411264,75,🔥強勢,強勢觀察,站上5日線、多頭排列、量能未放大,5日法人明顯買超、外資買投信賣,強勢偏多：站上5日線、多頭排列、量能未放大、5日法人明顯買超、外資買投信賣。可列入優先觀察，但仍需留意乖離與量能是否過熱。,,,,,,,
2026-06-03,2026-06-04 00:09:57,output/stock_analysis_result.xlsx,4966.TWO,譜瑞-KY,827.0,847.0,820.1,773.1,4610000,5370000,929.0,553.0,無明顯異常,11913,121167,1589915,810197,31444,-1421000,-66042,-784088,9000,1561000,1558000,1344000,-28531,-18833,97957,250285,65,👀觀察,偏多觀察,跌破5日線、多頭排列、量能未放大,法人連續偏買、5日法人明顯買超、投信買外資賣,偏多觀察：跌破5日線、多頭排列、量能未放大、法人連續偏買、5日法人明顯買超、投信買外資賣。條件不差，適合等待拉回或突破確認。,,,,,,,
2026-06-03,2026-06-04 00:09:57,output/stock_analysis_result.xlsx,2409.TW,友達,26.15,23.19,22.35,20.73,720567401,574373597,26.15,17.5,無明顯異常,51668289,8749100,-78910101,-55159397,47814593,3801406,-84520196,-64382522,2000,110000,106000,247311,3851696,4837694,5504095,8975814,65,👀觀察,偏多觀察,站上5日線、多頭排列、量能溫和放大、突破20日高點,短線籌碼止穩、5日法人明顯賣超、投信買外資賣,偏多觀察：站上5日線、多頭排列、量能溫和放大、突破20日高點、短線籌碼止穩、5日法人明顯賣超、投信買外資賣。條件不差，適合等待拉回或突破確認。,,,,,,,
2026-06-03,2026-06-04 00:09:57,output/stock_analysis_result.xlsx,6274.TWO,台燿,1590.0,1631.0,1532.0,1452.25,7939000,8698600,1815.0,1160.0,無明顯異常,271386,1677669,2109423,2957821,51994,-416445,-1380385,-1408184,655000,2600000,4231000,5676700,-435608,-505886,-741192,-1310695,65,👀觀察,偏多觀察,跌破5日線、多頭排列、量能未放大,法人連續偏買、5日法人明顯買超、投信買外資賣,偏多觀察：跌破5日線、多頭排列、量能未放大、法人連續偏買、5日法人明顯買超、投信買外資賣。條件不差，適合等待拉回或突破確認。,,,,,,,
2026-06-03,2026-06-04 00:09:57,output/stock_analysis_result.xlsx,2308.TW,台達電,2360.0,2427.0,2281.5,2213.75,12331189,12993977,2585.0,1880.0,無明顯異常,-643318,-604911,3203838,10063516,-62543,-724326,2791669,9284103,-400000,337387,633387,-378172,-180775,-217972,-221218,1157585,55,👀觀察,偏多觀察,跌破5日線、多頭排列、量能未放大,5日法人明顯買超、外資投信同步買超,偏多觀察：跌破5日線、多頭排列、量能未放大、5日法人明顯買超、外資投信同步買超。條件不差，適合等待拉回或突破確認。,,,,,,,
2026-06-03,2026-06-04 00:09:57,output/stock_analysis_result.xlsx,6285.TW,啟碁,306.0,310.9,301.25,283.02,13205587,23318385,336.5,222.0,無明顯異常,466343,-910778,4355234,-2914456,270014,-1272248,2939329,2881230,333000,624000,1525000,-5727404,-136671,-262530,-109095,-68282,55,👀觀察,偏多觀察,跌破5日線、多頭排列、量能未放大,5日法人明顯買超、外資投信同步買超,偏多觀察：跌破5日線、多頭排列、量能未放大、5日法人明顯買超、外資投信同步買超。條件不差，適合等待拉回或突破確認。,,,,,,,
2026-06-03,2026-06-04 00:09:57,output/stock_analysis_result.xlsx,6213.TW,聯茂,273.0,274.8,266.05,269.93,26520106,26276561,322.0,230.0,無明顯異常,-7536732,8624099,13935232,13950421,-7246250,8266224,13367750,12912259,118000,115000,44000,-127000,-408482,242875,523482,1165162,40,⚠️整理,整理觀察,跌破5日線、量能溫和放大,5日法人明顯買超、外資投信同步買超,整理觀察：跌破5日線、量能溫和放大、5日法人明顯買超、外資投信同步買超。多空訊號混合，建議降低追價衝動。,,,,,,,
2026-06-03,2026-06-04 00:09:57,output/stock_analysis_result.xlsx,6116.TW,彩晶,20.65,17.32,14.57,12.28,200560076,233594287,20.65,8.39,無明顯異常,14551105,17008140,-1362899,16803068,13971173,14482349,-5991014,13197789,0,0,0,0,579932,2525791,4628115,3605279,40,⚠️整理,整理觀察,站上5日線、多頭排列、量能未放大、突破20日高點,5日法人明顯賣超,整理觀察：站上5日線、多頭排列、量能未放大、突破20日高點、5日法人明顯賣超。多空訊號混合，建議降低追價衝動。,,,,,,,
2026-06-03,2026-06-04 00:09:57,output/stock_analysis_result.xlsx,1409.TW,新纖,27.55,23.01,20.11,18.5,25800849,38924464,27.55,16.6,無明顯異常,-101324,1411927,-413632,19867934,-1353388,-2893388,-5692553,14017799,-4000,-8000,-12000,319000,1256064,4313315,5290921,5531135,30,⚠️整理,整理觀察,站上5日線、多頭排列、量能未放大、突破20日高點,5日法人賣超、外資投信同步賣超,整理觀察：站上5日線、多頭排列、量能未放大、突破20日高點、5日法人賣超、外資投信同步賣超。多空訊號混合，建議降低追價衝動。,,,,,,,
2026-06-03,2026-06-04 00:09:57,output/stock_analysis_result.xlsx,2383.TW,台光電,4860.0,5082.0,5029.5,4912.5,2172811,2553339,5635.0,4300.0,無明顯異常,-196630,-192736,300883,1484851,7560,577741,930106,2367165,-141028,-703946,-560048,-692687,-63162,-66531,-69175,-189627,25,⚠️整理,整理觀察,跌破5日線、多頭排列、量能未放大,5日法人買超、外資買投信賣,整理觀察：跌破5日線、多頭排列、量能未放大、5日法人買超、外資買投信賣。多空訊號混合，建議降低追價衝動。,,,,,,,
2026-06-03,2026-06-04 00:09:57,output/stock_analysis_result.xlsx,2748.TW,雲品,39.65,39.12,39.18,39.62,89464,158603,42.45,38.5,無明顯異常,23000,97000,66452,-24080,23000,98000,67023,-22977,0,0,0,0,0,-1000,-571,-1103,25,⚠️整理,整理觀察,站上5日線、空頭排列、量能未放大、接近20日低點,法人連續偏買、5日法人小幅買超,整理觀察：站上5日線、空頭排列、量能未放大、接近20日低點、法人連續偏買、5日法人小幅買超。多空訊號混合，建議降低追價衝動。,,,,,,,
2026-06-03,2026-06-04 00:09:57,output/stock_analysis_result.xlsx,5289.TWO,宜鼎,1875.0,1529.0,1331.0,1209.4,4097000,5968800,1950.0,971.0,無明顯異常,27169,-170558,-322749,-1754207,-29043,-646165,-998103,-1526645,73241,452741,656981,-222136,-17029,22866,18373,-5426,25,⚠️整理,整理觀察,站上5日線、多頭排列、量能未放大,5日法人賣超、投信買外資賣,整理觀察：站上5日線、多頭排列、量能未放大、5日法人賣超、投信買外資賣。多空訊號混合，建議降低追價衝動。,,,,,,,
2026-06-03,2026-06-04 00:09:57,output/stock_analysis_result.xlsx,4931.TWO,新盛力,231.0,223.0,214.8,199.38,7792000,12208400,249.5,153.0,無明顯異常,177429,865412,-128264,3056820,227465,867681,-219524,2660079,0,0,0,0,-50036,-2269,91260,396741,25,⚠️整理,整理觀察,站上5日線、多頭排列、量能未放大,5日法人賣超,整理觀察：站上5日線、多頭排列、量能未放大、5日法人賣超。多空訊號混合，建議降低追價衝動。,,,,,,,
2026-06-03,2026-06-04 00:09:57,output/stock_analysis_result.xlsx,2331.TW,精英,25.6,22.59,21.5,20.79,36583316,12732709,26.5,18.6,帶量突破20日高點,-5054803,-806673,-938616,-5832004,-5074257,-1166267,-1251662,-6204162,0,-8000,-18000,-68000,19454,367594,331046,440158,15,❌避開,觀望,站上5日線、多頭排列、爆量、帶量突破20日高點,法人連續偏賣、5日法人明顯賣超、外資投信同步賣超,風險偏高：站上5日線、多頭排列、爆量、帶量突破20日高點、法人連續偏賣、5日法人明顯賣超、外資投信同步賣超。目前不適合積極追蹤，等待結構改善。,,,,,,,
2026-06-03,2026-06-04 00:09:57,output/stock_analysis_result.xlsx,2327.TW,國巨,846.0,763.4,689.0,556.75,23216094,26855860,847.0,331.0,無明顯異常,1273667,-564007,-2699278,50682,1072706,-2105887,-5496148,-21084617,113000,378110,419110,15968446,87961,1163770,2377760,5166853,5,❌避開,觀望,站上5日線、多頭排列、量能未放大、接近20日高點,中期買超轉短線賣壓、5日法人明顯賣超、投信買外資賣,風險偏高：站上5日線、多頭排列、量能未放大、接近20日高點、中期買超轉短線賣壓、5日法人明顯賣超、投信買外資賣。目前不適合積極追蹤，等待結構改善。,,,,,,,
2026-06-03,2026-06-04 00:09:57,output/stock_analysis_result.xlsx,4908.TWO,前鼎,232.0,209.8,196.5,168.05,3785000,1949600,249.5,102.0,無明顯異常,-540940,-1261064,-2617931,-2682038,-542508,-1220584,-2534031,-2388726,0,0,0,0,1568,-40480,-83900,-293312,5,❌避開,觀望,站上5日線、多頭排列、成交量放大,法人連續偏賣、5日法人明顯賣超,風險偏高：站上5日線、多頭排列、成交量放大、法人連續偏賣、5日法人明顯賣超。目前不適合積極追蹤，等待結構改善。,,,,,,,
2026-06-03,2026-06-04 00:09:57,output/stock_analysis_result.xlsx,8046.TW,南電,862.0,874.0,881.1,873.1,14435807,19418216,1025.0,765.0,無明顯異常,-3484177,556777,303458,317155,-3124991,2667915,3244827,3737072,-199000,-1848000,-2640000,-2756000,-160186,-263138,-301369,-663917,0,❌避開,觀望,跌破5日線、量能未放大,5日法人買超、外資買投信賣,風險偏高：跌破5日線、量能未放大、5日法人買超、外資買投信賣。目前不適合積極追蹤，等待結構改善。,,,,,,,
2026-06-03,2026-06-04 00:09:57,output/stock_analysis_result.xlsx,2485.TW,兆赫,69.9,72.52,72.75,70.87,15331008,25563103,78.6,64.7,無明顯異常,-689746,166710,115839,4215966,-461554,133867,11310,2227920,0,-3000,-3000,-7000,-228192,35843,107529,1995046,0,❌避開,觀望,跌破5日線、量能未放大,5日法人買超、外資買投信賣,風險偏高：跌破5日線、量能未放大、5日法人買超、外資買投信賣。目前不適合積極追蹤，等待結構改善。,,,,,,,
2026-06-03,2026-06-04 00:09:57,output/stock_analysis_result.xlsx,2454.TW,聯發科,4525.0,4488.0,4159.0,3818.25,15626708,18702858,4970.0,3100.0,無明顯異常,-1798696,-2125461,-279858,-2958843,-661060,800937,3798772,302132,-745772,-2227468,-3507077,-3955946,-391864,-698930,-571553,694971,0,❌避開,觀望,站上5日線、多頭排列、量能未放大,法人連續偏賣、5日法人賣超、外資買投信賣,風險偏高：站上5日線、多頭排列、量能未放大、法人連續偏賣、5日法人賣超、外資買投信賣。目前不適合積極追蹤，等待結構改善。,,,,,,,
2026-06-03,2026-06-04 00:09:57,output/stock_analysis_result.xlsx,3035.TW,智原,209.5,207.7,207.35,199.1,14574649,14516956,231.0,173.0,無明顯異常,-351631,-2419497,-3934873,-480416,-631340,-3108768,-4477823,-1637103,0,2000,2000,7000,279709,687271,540950,1149687,0,❌避開,觀望,站上5日線、多頭排列、量能溫和放大,法人連續偏賣、5日法人明顯賣超、投信買外資賣,風險偏高：站上5日線、多頭排列、量能溫和放大、法人連續偏賣、5日法人明顯賣超、投信買外資賣。目前不適合積極追蹤，等待結構改善。,,,,,,,
2026-06-03,2026-06-04 00:09:57,output/stock_analysis_result.xlsx,2401.TW,凌陽,28.9,29.93,29.64,27.4,11825676,16681787,33.0,23.45,無明顯異常,2082234,-383861,-3016974,-2087771,2238069,-242568,-2862566,-3784693,0,1000,1000,174000,-155835,-142293,-155408,1522922,-25,❌避開,觀望,跌破5日線、多頭排列、量能未放大,5日法人明顯賣超、投信買外資賣,風險偏高：跌破5日線、多頭排列、量能未放大、5日法人明顯賣超、投信買外資賣。目前不適合積極追蹤，等待結構改善。,,,,,,,
2026-06-03,2026-06-04 00:09:57,output/stock_analysis_result.xlsx,3673.TW,TPK-KY,92.0,87.34,82.65,73.28,49966718,49151750,94.9,58.1,無明顯異常,-4365565,-11883977,-12265653,1356791,-3981207,-11674894,-11837513,94554,0,0,0,0,-384358,-209083,-428140,1262237,-25,❌避開,觀望,站上5日線、多頭排列、量能溫和放大,法人連續偏賣、中期買超轉短線賣壓、5日法人明顯賣超,風險偏高：站上5日線、多頭排列、量能溫和放大、法人連續偏賣、中期買超轉短線賣壓、5日法人明顯賣超。目前不適合積極追蹤，等待結構改善。,,,,,,,
2026-06-03,2026-06-04 00:09:57,output/stock_analysis_result.xlsx,2345.TW,智邦,2425.0,2484.0,2488.5,2496.0,3795060,4512296,2695.0,2305.0,無明顯異常,-314589,139112,180195,1067441,373206,1331824,1478892,2546361,-512455,-937132,-1002722,-1022089,-175340,-255580,-295975,-456831,-25,❌避開,觀望,跌破5日線、空頭排列、量能未放大,5日法人買超、外資買投信賣,風險偏高：跌破5日線、空頭排列、量能未放大、5日法人買超、外資買投信賣。目前不適合積極追蹤，等待結構改善。,,,,,,,
2026-06-03,2026-06-04 00:09:57,output/stock_analysis_result.xlsx,8358.TWO,金居,627.0,603.2,557.4,501.23,40568000,16099800,687.0,368.0,爆量價未漲,-1747347,-2354323,-825225,8573611,-105436,80687,1524563,10346864,-856656,-839656,-842956,-753556,-785255,-1595354,-1506832,-1019697,-35,❌避開,觀望,站上5日線、多頭排列、爆量、爆量價未漲,法人連續偏賣、中期買超轉短線賣壓、5日法人明顯賣超、外資買投信賣,風險偏高：站上5日線、多頭排列、爆量、爆量價未漲、法人連續偏賣、中期買超轉短線賣壓、5日法人明顯賣超、外資買投信賣。目前不適合積極追蹤，等待結構改善。,,,,,,,
2026-06-03,2026-06-04 00:09:57,output/stock_analysis_result.xlsx,2312.TW,金寶,41.3,39.18,36.38,32.45,135198121,137196362,43.5,26.65,無明顯異常,-2878329,-15036146,-40410680,65083978,-2705438,-16032670,-39570049,75252925,12000,605000,605000,-14468000,-184891,391524,-1445631,4299053,-35,❌避開,觀望,站上5日線、多頭排列、量能未放大,法人連續偏賣、中期買超轉短線賣壓、5日法人明顯賣超、投信買外資賣,風險偏高：站上5日線、多頭排列、量能未放大、法人連續偏賣、中期買超轉短線賣壓、5日法人明顯賣超、投信買外資賣。目前不適合積極追蹤，等待結構改善。,,,,,,,
2026-06-03,2026-06-04 00:09:57,output/stock_analysis_result.xlsx,7769.TW,鴻勁,7175.0,7690.0,7638.0,7106.0,1247463,1246741,8465.0,5435.0,無明顯異常,-262781,-533311,-628680,-667642,-242972,-701673,-759682,-646804,-17000,180004,137504,-17647,-2809,-11642,-6502,-3191,-40,❌避開,觀望,跌破5日線、多頭排列、量能溫和放大,法人連續偏賣、5日法人明顯賣超、投信買外資賣,風險偏高：跌破5日線、多頭排列、量能溫和放大、法人連續偏賣、5日法人明顯賣超、投信買外資賣。目前不適合積極追蹤，等待結構改善。,,,,,,,
2026-06-03,2026-06-04 00:09:57,output/stock_analysis_result.xlsx,2303.TW,聯電,141.5,143.5,131.1,116.51,380584577,346983487,155.5,87.8,無明顯異常,-52504191,-126267680,-124346753,-111315630,63633529,55842157,77372124,156079152,-115062289,-181777817,-200788646,-271465917,-1075431,-332020,-930231,4071135,-40,❌避開,觀望,跌破5日線、多頭排列、量能溫和放大,法人連續偏賣、5日法人明顯賣超、外資買投信賣,風險偏高：跌破5日線、多頭排列、量能溫和放大、法人連續偏賣、5日法人明顯賣超、外資買投信賣。目前不適合積極追蹤，等待結構改善。,,,,,,,
2026-06-03,2026-06-04 00:09:57,output/stock_analysis_result.xlsx,2313.TW,華通,270.5,275.6,275.2,262.0,46492198,79673908,305.5,233.5,無明顯異常,-14211549,570888,-10077786,9812717,-11984655,2595853,-3373842,18039173,-989000,-1351000,-5252000,-7936000,-1237894,-673965,-1451944,-290456,-45,❌避開,觀望,跌破5日線、多頭排列、量能未放大,5日法人明顯賣超、外資投信同步賣超,風險偏高：跌破5日線、多頭排列、量能未放大、5日法人明顯賣超、外資投信同步賣超。目前不適合積極追蹤，等待結構改善。,,,,,,,
2026-06-03,2026-06-04 00:09:57,output/stock_analysis_result.xlsx,6239.TW,力成,347.0,358.0,321.8,277.15,24564465,43272703,387.0,217.5,無明顯異常,-4510875,-7464913,-5183746,-546880,2897166,578942,2436030,8302142,-6992797,-7663188,-6858782,-9716782,-415244,-380667,-760994,867760,-50,❌避開,觀望,跌破5日線、多頭排列、量能未放大,法人連續偏賣、5日法人明顯賣超、外資買投信賣,風險偏高：跌破5日線、多頭排列、量能未放大、法人連續偏賣、5日法人明顯賣超、外資買投信賣。目前不適合積極追蹤，等待結構改善。,,,,,,,
2026-06-03,2026-06-04 00:09:57,output/stock_analysis_result.xlsx,4958.TW,臻鼎-KY,520.0,453.2,392.7,326.85,13270682,43892046,555.0,219.0,無明顯異常,-4100725,-2964859,-8187858,4595648,-804207,2395135,-315037,-2379773,-2948000,-5115465,-7453465,7087098,-348518,-244529,-419356,-111677,-55,❌避開,觀望,站上5日線、多頭排列、量能未放大,法人連續偏賣、中期買超轉短線賣壓、5日法人明顯賣超、外資投信同步賣超,風險偏高：站上5日線、多頭排列、量能未放大、法人連續偏賣、中期買超轉短線賣壓、5日法人明顯賣超、外資投信同步賣超。目前不適合積極追蹤，等待結構改善。,,,,,,,
2026-06-03,2026-06-04 00:09:57,output/stock_analysis_result.xlsx,2002.TW,中鋼,18.95,19.02,18.9,18.69,70796205,79887394,21.0,18.05,無明顯異常,-27285744,-31747337,-59952673,-87305626,-27915973,-33318321,-59774330,-92143798,934000,966525,986525,1813525,-303771,604459,-1164868,3024647,-60,❌避開,觀望,跌破5日線、多頭排列、量能未放大、接近20日低點,法人連續偏賣、5日法人明顯賣超、投信買外資賣,風險偏高：跌破5日線、多頭排列、量能未放大、接近20日低點、法人連續偏賣、5日法人明顯賣超、投信買外資賣。目前不適合積極追蹤，等待結構改善。,,,,,,,
2026-06-03,2026-06-04 00:09:57,output/stock_analysis_result.xlsx,1802.TW,台玻,71.0,72.18,70.65,69.42,149651763,143109988,81.2,61.8,無明顯異常,-50054063,-21465315,-19282198,63176945,-47089851,-19564811,-18995837,57547447,850000,1267000,2237000,3042000,-3814212,-3167504,-2523361,2587498,-65,❌避開,觀望,跌破5日線、多頭排列、量能溫和放大,法人連續偏賣、中期買超轉短線賣壓、5日法人明顯賣超、投信買外資賣,風險偏高：跌破5日線、多頭排列、量能溫和放大、法人連續偏賣、中期買超轉短線賣壓、5日法人明顯賣超、投信買外資賣。目前不適合積極追蹤，等待結構改善。,,,,,,,
2026-06-03,2026-06-04 00:09:57,output/stock_analysis_result.xlsx,3711.TW,日月光投控,590.0,614.2,584.6,557.15,27769330,32530042,669.0,465.0,無明顯異常,-3429245,-19537100,-19331218,-17152121,1316315,-6501112,-5667308,-5892266,-4724678,-13157725,-13831677,-10829800,-20882,121737,167767,-430055,-70,❌避開,觀望,跌破5日線、多頭排列、量能未放大,法人連續偏賣、5日法人明顯賣超、外資投信同步賣超,風險偏高：跌破5日線、多頭排列、量能未放大、法人連續偏賣、5日法人明顯賣超、外資投信同步賣超。目前不適合積極追蹤，等待結構改善。,,,,,,,
2026-06-03,2026-06-04 00:09:57,output/stock_analysis_result.xlsx,2338.TW,光罩,54.5,56.34,55.12,52.49,8447087,10794782,61.4,45.45,無明顯異常,-356474,-3263068,-2097065,11705605,-219995,-3403433,-2286433,10708865,0,0,0,0,-136479,140365,189368,996740,-75,❌避開,觀望,跌破5日線、多頭排列、量能未放大,法人連續偏賣、中期買超轉短線賣壓、5日法人明顯賣超,風險偏高：跌破5日線、多頭排列、量能未放大、法人連續偏賣、中期買超轉短線賣壓、5日法人明顯賣超。目前不適合積極追蹤，等待結構改善。,,,,,,,
2026-06-03,2026-06-04 00:09:57,output/stock_analysis_result.xlsx,3037.TW,欣興,975.0,1037.0,995.8,924.7,29360754,24425569,1130.0,776.0,無明顯異常,-7296341,-9466247,-8759639,17140676,-2748858,-3637861,-3440200,17854581,-4189000,-5332372,-4282372,-173429,-358483,-496014,-1037067,-540476,-85,❌避開,觀望,跌破5日線、多頭排列、量能溫和放大,法人連續偏賣、中期買超轉短線賣壓、5日法人明顯賣超、外資投信同步賣超,風險偏高：跌破5日線、多頭排列、量能溫和放大、法人連續偏賣、中期買超轉短線賣壓、5日法人明顯賣超、外資投信同步賣超。目前不適合積極追蹤，等待結構改善。,,,,,,,
2026-06-03,2026-06-04 00:09:57,output/stock_analysis_result.xlsx,3163.TWO,波若威,988.0,1045.6,1080.0,1047.0,4829000,4160800,1255.0,865.0,無明顯異常,-1437817,-2617249,-4490876,-5667128,-1009219,-1111735,-1294951,-3512115,-426000,-1497000,-3163050,-2117050,-2598,-8514,-32875,-37963,-85,❌避開,觀望,跌破5日線、量能溫和放大,法人連續偏賣、5日法人明顯賣超、外資投信同步賣超,風險偏高：跌破5日線、量能溫和放大、法人連續偏賣、5日法人明顯賣超、外資投信同步賣超。目前不適合積極追蹤，等待結構改善。,,,,,,,
2026-06-03,2026-06-04 00:09:57,output/stock_analysis_result.xlsx,3105.TWO,穩懋,519.0,532.8,522.95,505.23,33279000,35992400,588.0,436.0,無明顯異常,-4465301,-8311835,-9041043,368824,-2854261,-5155762,-5764210,-2776980,-851722,-2368884,-2062488,1626511,-759318,-787189,-1214345,1519293,-95,❌避開,觀望,跌破5日線、多頭排列、量能未放大,法人連續偏賣、中期買超轉短線賣壓、5日法人明顯賣超、外資投信同步賣超,風險偏高：跌破5日線、多頭排列、量能未放大、法人連續偏賣、中期買超轉短線賣壓、5日法人明顯賣超、外資投信同步賣超。目前不適合積極追蹤，等待結構改善。,,,,,,,
2026-06-03,2026-06-04 00:09:57,output/stock_analysis_result.xlsx,3211.TWO,順達,422.0,440.1,418.4,399.02,9255000,12456400,492.5,343.0,無明顯異常,-2288817,-5731678,-4220478,6678578,-1412036,-4790611,-2616162,11618354,-883000,-970000,-1288000,-5782000,6219,28933,-316316,842224,-95,❌避開,觀望,跌破5日線、多頭排列、量能未放大,法人連續偏賣、中期買超轉短線賣壓、5日法人明顯賣超、外資投信同步賣超,風險偏高：跌破5日線、多頭排列、量能未放大、法人連續偏賣、中期買超轉短線賣壓、5日法人明顯賣超、外資投信同步賣超。目前不適合積極追蹤，等待結構改善。,,,,,,,
2026-06-03,2026-06-04 00:09:57,output/stock_analysis_result.xlsx,2329.TW,華泰,58.9,59.88,57.31,57.69,15484189,25737150,64.4,50.2,無明顯異常,-2441375,-2142221,-2092627,224630,-1939521,-1846793,-1922226,-133425,0,12000,12000,164000,-501854,-307428,-182401,194055,-100,❌避開,觀望,跌破5日線、量能未放大,法人連續偏賣、中期買超轉短線賣壓、5日法人明顯賣超、投信買外資賣,風險偏高：跌破5日線、量能未放大、法人連續偏賣、中期買超轉短線賣壓、5日法人明顯賣超、投信買外資賣。目前不適合積極追蹤，等待結構改善。,,,,,,,
2026-06-03,2026-06-04 00:09:57,output/stock_analysis_result.xlsx,5439.TWO,高技,374.0,378.5,379.7,385.3,1987000,2318600,439.0,353.5,無明顯異常,-201127,-88446,-1314373,-708266,-233420,-150593,-1239050,-693282,50000,28000,12000,57000,-17707,34147,-87323,-71984,-100,❌避開,觀望,跌破5日線、空頭排列、量能未放大,法人連續偏賣、5日法人明顯賣超、投信買外資賣,風險偏高：跌破5日線、空頭排列、量能未放大、法人連續偏賣、5日法人明顯賣超、投信買外資賣。目前不適合積極追蹤，等待結構改善。,,,,,,,
2026-06-03,2026-06-04 00:09:57,output/stock_analysis_result.xlsx,4960.TW,誠美材,32.45,32.65,33.89,35.56,8378567,9494751,44.05,31.1,無明顯異常,-591639,-1020528,-1438298,-8393054,-594105,-865083,-1284851,-8370609,0,0,0,0,2466,-155445,-153447,-22445,-110,❌避開,觀望,跌破5日線、空頭排列、量能未放大、接近20日低點,法人連續偏賣、5日法人明顯賣超,風險偏高：跌破5日線、空頭排列、量能未放大、接近20日低點、法人連續偏賣、5日法人明顯賣超。目前不適合積極追蹤，等待結構改善。,,,,,,,
2026-06-03,2026-06-04 00:09:57,output/stock_analysis_result.xlsx,3081.TWO,聯亞,2575.0,2682.0,2734.0,2737.25,2674000,2585400,3215.0,2460.0,無明顯異常,-522690,-1204996,-2194967,-1058221,-291999,-560965,-1435056,-1190083,-192100,-587500,-656400,133436,-38591,-56531,-103511,-1574,-145,❌避開,觀望,跌破5日線、空頭排列、死亡交叉、量能溫和放大、接近20日低點,法人連續偏賣、5日法人明顯賣超、外資投信同步賣超,風險偏高：跌破5日線、空頭排列、死亡交叉、量能溫和放大、接近20日低點、法人連續偏賣、5日法人明顯賣超、外資投信同步賣超。目前不適合積極追蹤，等待結構改善。,,,,,,,
2026-06-07,2026-06-07 23:00:01,output/stock_analysis_result.xlsx,2707.TW,晶華,181.0,177.1,174.8,173.97,361468,331014,182.0,171.0,無明顯異常,97623,317913,565913,548875,98623,306913,554913,535023,0,0,0,0,-1000,11000,11000,13852,52,👀觀察,偏多觀察,站上5日線、多頭排列、量能溫和放大、接近20日高點,法人連續偏買、5日法人明顯買超,偏多觀察：站上5日線、多頭排列、量能溫和放大、接近20日高點、法人連續偏買、5日法人明顯買超。條件不差，適合等待拉回或突破確認。,52.0,70.0,60.0,0.0,,,
2026-06-07,2026-06-07 23:00:01,output/stock_analysis_result.xlsx,2609.TW,陽明,54.5,53.98,53.13,51.53,78583004,63693077,55.7,47.35,無明顯異常,11908960,2145266,5946201,25557860,40555487,88627267,128128644,149991135,-28971280,-87335380,-123925780,-125741022,324753,853379,1743337,1307747,46,⚠️整理,整理觀察,站上5日線、多頭排列、量能溫和放大,法人連續偏買、5日法人明顯買超、外資買投信賣,整理觀察：站上5日線、多頭排列、量能溫和放大、法人連續偏買、5日法人明顯買超、外資買投信賣。多空訊號混合，建議降低追價衝動。,46.0,55.0,60.0,0.0,,,
2026-06-07,2026-06-07 23:00:01,output/stock_analysis_result.xlsx,2027.TW,大成鋼,43.8,43.72,42.96,41.59,22945418,29279184,44.75,37.6,無明顯異常,1014712,10825372,22744049,40795722,10403327,37557190,47601784,65849006,-8964000,-26348000,-26319000,-27453000,-424615,-383818,1461265,2399716,42,⚠️整理,整理觀察,站上5日線、多頭排列、量能未放大,法人連續偏買、5日法人明顯買超、外資買投信賣,整理觀察：站上5日線、多頭排列、量能未放大、法人連續偏買、5日法人明顯買超、外資買投信賣。多空訊號混合，建議降低追價衝動。,42.0,45.0,60.0,0.0,,,
2026-06-07,2026-06-07 23:00:01,output/stock_analysis_result.xlsx,0056.TW,元大高股息,51.8,52.59,50.83,47.94,71486910,63025001,53.8,43.66,無明顯異常,5232144,6231963,44463796,151215396,148036,-4446435,22187834,89309317,0,0,130000,2090000,5084108,10678398,22145962,59816079,38,⚠️整理,整理觀察,跌破5日線、多頭排列、量能溫和放大,法人連續偏買、5日法人明顯買超、外資投信同步買超,整理觀察：跌破5日線、多頭排列、量能溫和放大、法人連續偏買、5日法人明顯買超、外資投信同步買超。多空訊號混合，建議降低追價衝動。,38.0,15.0,80.0,0.0,,,
2026-06-07,2026-06-07 23:00:01,output/stock_analysis_result.xlsx,2618.TW,長榮航,37.7,37.65,36.51,35.69,39384323,69391687,38.45,34.1,無明顯異常,-15297483,-10334722,6219345,1971381,-12123727,-68570489,-131340995,-243707465,-3070236,57916163,137206869,242405729,-103520,319604,353471,3273117,36,⚠️整理,整理觀察,站上5日線、多頭排列、量能未放大、接近20日高點,5日法人明顯買超、投信買外資賣,整理觀察：站上5日線、多頭排列、量能未放大、接近20日高點、5日法人明顯買超、投信買外資賣。多空訊號混合，建議降低追價衝動。,36.0,60.0,30.0,0.0,,,
2026-06-07,2026-06-07 23:00:01,output/stock_analysis_result.xlsx,1303.TW,南亞,104.5,109.7,101.05,93.44,53708093,90039547,118.5,80.4,無明顯異常,3169371,7358622,40021471,162035156,3182388,952984,31474569,146928795,985699,7936027,10765423,13753612,-998716,-1530389,-2218521,1352749,34,⚠️整理,整理觀察,跌破5日線、多頭排列、量能未放大,法人連續偏買、5日法人明顯買超、外資投信同步買超,整理觀察：跌破5日線、多頭排列、量能未放大、法人連續偏買、5日法人明顯買超、外資投信同步買超。多空訊號混合，建議降低追價衝動。,34.0,5.0,80.0,0.0,,,
2026-06-07,2026-06-07 23:00:01,output/stock_analysis_result.xlsx,00878.TW,國泰永續高股息,32.32,32.56,31.32,29.56,129424685,105298695,33.4,26.9,無明顯異常,33308900,65868157,161574163,402558832,4206281,-824080,38667756,191700286,0,0,0,2500000,29102619,66692237,122906407,208358546,30,⚠️整理,整理觀察,跌破5日線、多頭排列、量能溫和放大,法人連續偏買、5日法人明顯買超,整理觀察：跌破5日線、多頭排列、量能溫和放大、法人連續偏買、5日法人明顯買超。多空訊號混合，建議降低追價衝動。,30.0,15.0,60.0,0.0,,,
2026-06-07,2026-06-07 23:00:01,output/stock_analysis_result.xlsx,2376.TW,技嘉,369.0,383.9,363.2,341.05,17414787,25621628,402.0,300.0,無明顯異常,4451818,1901728,4907964,16800841,5346355,1422637,-3454773,3767596,-768393,1343607,8766607,12554788,-126144,-864516,-403870,478457,26,⚠️整理,整理觀察,跌破5日線、多頭排列、量能未放大,法人連續偏買、5日法人明顯買超、投信買外資賣,整理觀察：跌破5日線、多頭排列、量能未放大、法人連續偏買、5日法人明顯買超、投信買外資賣。多空訊號混合，建議降低追價衝動。,26.0,5.0,60.0,0.0,,,
2026-06-07,2026-06-07 23:00:01,output/stock_analysis_result.xlsx,3324.TWO,雙鴻,1110.0,1177.0,1104.0,1057.1,4576000,6832400,1295.0,936.0,無明顯異常,0,-584892,2863630,2786275,0,-448913,2844627,2603781,0,0,900,4517,0,-135979,18103,177977,22,⚠️整理,整理觀察,跌破5日線、多頭排列、量能未放大,5日法人明顯買超、外資投信同步買超,整理觀察：跌破5日線、多頭排列、量能未放大、5日法人明顯買超、外資投信同步買超。多空訊號混合，建議降低追價衝動。,22.0,5.0,50.0,0.0,,,
2026-06-07,2026-06-07 23:00:01,output/stock_analysis_result.xlsx,6213.TW,聯茂,254.5,270.6,270.05,265.57,7795202,17036997,322.0,230.0,無明顯異常,51440,-3203545,1607791,1955430,435013,-2247444,2500843,1707235,0,-38000,77000,-161000,-383573,-918101,-970052,409195,22,⚠️整理,整理觀察,跌破5日線、多頭排列、量能未放大,5日法人明顯買超、外資投信同步買超,整理觀察：跌破5日線、多頭排列、量能未放大、5日法人明顯買超、外資投信同步買超。多空訊號混合，建議降低追價衝動。,22.0,5.0,50.0,0.0,,,
2026-06-07,2026-06-07 23:00:01,output/stock_analysis_result.xlsx,2408.TW,南亞科,360.0,391.5,354.0,329.68,121599979,137831613,430.5,265.5,無明顯異常,-12676318,-40661798,12843351,95706548,-11331309,-37641575,7696589,101123168,-331824,362704,7906705,-1280690,-1013185,-3382927,-2759943,-4135930,22,⚠️整理,整理觀察,跌破5日線、多頭排列、量能未放大,5日法人明顯買超、外資投信同步買超,整理觀察：跌破5日線、多頭排列、量能未放大、5日法人明顯買超、外資投信同步買超。多空訊號混合，建議降低追價衝動。,22.0,5.0,50.0,0.0,,,
2026-06-07,2026-06-07 23:00:01,output/stock_analysis_result.xlsx,2317.TW,鴻海,284.5,296.3,281.75,264.73,93158859,134476739,314.0,239.5,無明顯異常,-5378954,-3187011,19241259,208715970,-3318613,-3476588,15450877,189603706,262734,3894615,7770615,16423804,-2323075,-3605038,-3980233,2688460,22,⚠️整理,整理觀察,跌破5日線、多頭排列、量能未放大,5日法人明顯買超、外資投信同步買超,整理觀察：跌破5日線、多頭排列、量能未放大、5日法人明顯買超、外資投信同步買超。多空訊號混合，建議降低追價衝動。,22.0,5.0,50.0,0.0,,,
2026-06-07,2026-06-07 23:00:01,output/stock_analysis_result.xlsx,3231.TW,緯創,171.0,181.2,164.9,151.43,75786051,151337737,201.0,132.0,無明顯異常,3707759,-32923718,103148955,141568109,4079787,-50413346,66175949,98693631,137581,19957297,38446297,41622395,-509609,-2467669,-1473291,1252083,22,⚠️整理,整理觀察,跌破5日線、多頭排列、量能未放大,5日法人明顯買超、外資投信同步買超,整理觀察：跌破5日線、多頭排列、量能未放大、5日法人明顯買超、外資投信同步買超。多空訊號混合，建議降低追價衝動。,22.0,5.0,50.0,0.0,,,
2026-06-07,2026-06-07 23:00:01,output/stock_analysis_result.xlsx,8215.TW,明基材,29.65,31.31,30.3,28.86,2276108,8550047,33.4,26.3,無明顯異常,41923,-116513,3558735,3120959,2000,-306558,3167517,2688307,51000,149000,314000,320000,-11077,41045,77218,112652,22,⚠️整理,整理觀察,跌破5日線、多頭排列、量能未放大,5日法人明顯買超、外資投信同步買超,整理觀察：跌破5日線、多頭排列、量能未放大、5日法人明顯買超、外資投信同步買超。多空訊號混合，建議降低追價衝動。,22.0,5.0,50.0,0.0,,,
2026-06-07,2026-06-07 23:00:01,output/stock_analysis_result.xlsx,2337.TW,旺宏,150.0,162.3,160.65,157.7,54586699,115647338,180.0,136.5,無明顯異常,-4153413,-24784945,25716418,112142329,-1237661,-17791555,24157877,109773517,-89000,-481000,5899000,7925000,-2826752,-6512390,-4340459,-5556188,22,⚠️整理,整理觀察,跌破5日線、多頭排列、量能未放大,5日法人明顯買超、外資投信同步買超,整理觀察：跌破5日線、多頭排列、量能未放大、5日法人明顯買超、外資投信同步買超。多空訊號混合，建議降低追價衝動。,22.0,5.0,50.0,0.0,,,
2026-06-07,2026-06-07 23:00:01,output/stock_analysis_result.xlsx,2748.TW,雲品,40.05,39.86,39.42,39.52,183211,188489,40.5,38.5,無明顯異常,-46000,46000,110000,-24572,-44000,46000,111000,-22001,0,0,0,0,-2000,0,-1000,-2571,18,❌避開,觀望,站上5日線、量能未放大、接近20日高點、接近20日低點,5日法人買超,風險偏高：站上5日線、量能未放大、接近20日高點、接近20日低點、5日法人買超。目前不適合積極追蹤，等待結構改善。,18.0,25.0,20.0,0.0,,,
2026-06-07,2026-06-07 23:00:01,output/stock_analysis_result.xlsx,6274.TWO,台燿,1610.0,1659.0,1633.5,1495.75,8122000,7080000,1815.0,1190.0,無明顯異常,0,-143834,507029,2164298,0,-221230,-718084,-2512213,0,208000,1831000,5884000,0,-130604,-605887,-1207489,18,❌避開,觀望,跌破5日線、多頭排列、量能溫和放大,5日法人明顯買超、投信買外資賣,風險偏高：跌破5日線、多頭排列、量能溫和放大、5日法人明顯買超、投信買外資賣。目前不適合積極追蹤，等待結構改善。,18.0,15.0,30.0,0.0,,,
2026-06-07,2026-06-07 23:00:01,output/stock_analysis_result.xlsx,2383.TW,台光電,4885.0,4895.0,5075.0,4906.75,2909896,2255595,5635.0,4300.0,無明顯異常,105169,302895,146585,632113,18225,272207,998169,1312398,105254,27903,-767125,-562436,-18310,2785,-84459,-117849,16,❌避開,觀望,跌破5日線、量能溫和放大,法人連續偏買、5日法人買超、外資買投信賣,風險偏高：跌破5日線、量能溫和放大、法人連續偏買、5日法人買超、外資買投信賣。目前不適合積極追蹤，等待結構改善。,16.0,-10.0,50.0,0.0,,,
2026-06-07,2026-06-07 23:00:01,output/stock_analysis_result.xlsx,2603.TW,長榮,232.0,232.0,222.1,215.45,23664933,32775335,242.5,195.5,無明顯異常,-5558861,500947,24402601,29035237,-4573095,-20887233,-26584310,-67894025,-463525,21382894,49131620,92794677,-522241,5286,1855291,4134585,14,❌避開,觀望,跌破5日線、多頭排列、量能未放大,5日法人明顯買超、投信買外資賣,風險偏高：跌破5日線、多頭排列、量能未放大、5日法人明顯買超、投信買外資賣。目前不適合積極追蹤，等待結構改善。,14.0,5.0,30.0,0.0,,,
2026-06-07,2026-06-07 23:00:01,output/stock_analysis_result.xlsx,3062.TW,建漢,28.55,30.31,30.22,29.14,7164865,11231285,31.95,26.7,無明顯異常,-927378,-1311123,718962,9657773,-808489,-921342,1071953,9051784,0,0,0,0,-118889,-389781,-352991,605989,14,❌避開,觀望,跌破5日線、多頭排列、量能未放大,5日法人明顯買超,風險偏高：跌破5日線、多頭排列、量能未放大、5日法人明顯買超。目前不適合積極追蹤，等待結構改善。,14.0,5.0,30.0,0.0,,,
2026-06-07,2026-06-07 23:00:01,output/stock_analysis_result.xlsx,6116.TW,彩晶,18.45,20.21,17.48,14.01,18628794,85990039,22.7,9.4,無明顯異常,1246942,-1571493,10152352,-32402154,1184142,-1397793,8718420,-34986540,0,0,0,0,62800,-173700,1433932,2584386,14,❌避開,觀望,跌破5日線、多頭排列、量能未放大,5日法人明顯買超,風險偏高：跌破5日線、多頭排列、量能未放大、5日法人明顯買超。目前不適合積極追蹤，等待結構改善。,14.0,5.0,30.0,0.0,,,
2026-06-07,2026-06-07 23:00:01,output/stock_analysis_result.xlsx,2454.TW,聯發科,4300.0,4471.0,4422.5,3958.0,11919031,13862798,4970.0,3100.0,無明顯異常,-50959,-269453,1080687,-3091626,414722,1438984,4564728,4574114,-108257,-1347423,-2554381,-7037612,-357424,-361014,-929660,-628128,14,❌避開,觀望,跌破5日線、多頭排列、量能未放大,5日法人明顯買超、外資買投信賣,風險偏高：跌破5日線、多頭排列、量能未放大、5日法人明顯買超、外資買投信賣。目前不適合積極追蹤，等待結構改善。,14.0,5.0,30.0,0.0,,,
2026-06-07,2026-06-07 23:00:01,output/stock_analysis_result.xlsx,2382.TW,廣達,390.5,396.9,357.7,337.27,69275731,96460724,438.0,288.5,無明顯異常,-1495921,7929600,34697937,27279747,-21411443,-78325045,-95520418,-168592387,19824766,87114823,131584048,195119452,90756,-860178,-1365693,752682,14,❌避開,觀望,跌破5日線、多頭排列、量能未放大,5日法人明顯買超、投信買外資賣,風險偏高：跌破5日線、多頭排列、量能未放大、5日法人明顯買超、投信買外資賣。目前不適合積極追蹤，等待結構改善。,14.0,5.0,30.0,0.0,,,
2026-06-07,2026-06-07 23:00:01,output/stock_analysis_result.xlsx,3017.TW,奇鋐,2600.0,2730.0,2689.5,2587.25,4900550,5113260,2965.0,2300.0,無明顯異常,-805211,-242407,138551,1621427,-503980,-1420,372099,674915,-192935,-28371,-79370,1138529,-108296,-212616,-154178,-192017,10,❌避開,觀望,跌破5日線、多頭排列、量能未放大,5日法人買超、外資買投信賣,風險偏高：跌破5日線、多頭排列、量能未放大、5日法人買超、外資買投信賣。目前不適合積極追蹤，等待結構改善。,10.0,5.0,20.0,0.0,,,
2026-06-07,2026-06-07 23:00:01,output/stock_analysis_result.xlsx,6488.TWO,環球晶,811.0,904.2,904.7,816.7,2776000,2510800,1040.0,630.0,無明顯異常,0,-209599,751288,7141535,0,-18335,1224498,-431930,0,-66804,-1282405,6515690,0,-124460,809195,1057775,8,❌避開,觀望,跌破5日線、量能溫和放大,5日法人明顯買超、外資買投信賣,風險偏高：跌破5日線、量能溫和放大、5日法人明顯買超、外資買投信賣。目前不適合積極追蹤，等待結構改善。,8.0,-10.0,30.0,0.0,,,
2026-06-07,2026-06-07 23:00:01,output/stock_analysis_result.xlsx,5289.TWO,宜鼎,1755.0,1866.0,1791.5,1778.25,4262000,4173400,1980.0,1615.0,無明顯異常,0,121339,-179154,-1020966,0,143791,-241842,-1058806,0,-2000,94241,53364,0,-20452,-31553,-15524,4,❌避開,觀望,跌破5日線、多頭排列、量能溫和放大,短線籌碼止穩、5日法人賣超、投信買外資賣,風險偏高：跌破5日線、多頭排列、量能溫和放大、短線籌碼止穩、5日法人賣超、投信買外資賣。目前不適合積極追蹤，等待結構改善。,4.0,15.0,-5.0,0.0,,,
2026-06-07,2026-06-07 23:00:01,output/stock_analysis_result.xlsx,8046.TW,南電,845.0,878.8,880.3,867.4,14136931,15264008,966.0,765.0,無明顯異常,-910901,6808311,9813901,-3324508,1571058,9662361,12286899,7595662,-2475000,-2783000,-2218000,-10351000,-6959,-71050,-254998,-569170,4,❌避開,觀望,跌破5日線、量能未放大,5日法人明顯買超、外資買投信賣,風險偏高：跌破5日線、量能未放大、5日法人明顯買超、外資買投信賣。目前不適合積極追蹤，等待結構改善。,4.0,-20.0,30.0,0.0,,,
2026-06-07,2026-06-07 23:00:01,output/stock_analysis_result.xlsx,4960.TW,誠美材,32.6,33.08,33.27,34.31,6888089,8608630,41.25,31.1,無明顯異常,348148,1116958,927305,-2527201,350486,1121609,930505,-2400105,0,0,0,0,-2338,-4651,-3200,-127096,2,❌避開,觀望,跌破5日線、空頭排列、量能未放大、接近20日低點,法人連續偏買、5日法人明顯買超,風險偏高：跌破5日線、空頭排列、量能未放大、接近20日低點、法人連續偏買、5日法人明顯買超。目前不適合積極追蹤，等待結構改善。,2.0,-55.0,60.0,0.0,,,
2026-06-07,2026-06-07 23:00:01,output/stock_analysis_result.xlsx,2002.TW,中鋼,19.3,19.2,19.25,18.76,52447615,75426052,21.0,18.05,無明顯異常,6601015,30488213,-3619488,-40313772,5924112,27266486,-8244905,-46596310,282000,855309,1794309,1810834,394903,2366418,2831108,4471704,2,❌避開,觀望,站上5日線、量能未放大,短線籌碼止穩、5日法人明顯賣超、投信買外資賣,風險偏高：站上5日線、量能未放大、短線籌碼止穩、5日法人明顯賣超、投信買外資賣。目前不適合積極追蹤，等待結構改善。,2.0,20.0,-15.0,0.0,,,
2026-06-07,2026-06-07 23:00:01,output/stock_analysis_result.xlsx,2401.TW,凌陽,27.45,28.69,29.41,27.86,6301964,8633152,33.0,23.45,無明顯異常,212939,-1251279,227072,-3647737,637648,-691690,946495,-2458678,0,0,0,1000,-424709,-559589,-719423,-1190059,0,❌避開,觀望,跌破5日線、量能未放大,5日法人買超,風險偏高：跌破5日線、量能未放大、5日法人買超。目前不適合積極追蹤，等待結構改善。,0.0,-20.0,20.0,0.0,,,
2026-06-07,2026-06-07 23:00:01,output/stock_analysis_result.xlsx,6669.TW,緯穎,5660.0,5564.0,5418.0,5360.0,2033000,1932006,5880.0,4775.0,無明顯異常,-83009,-156913,-70332,110142,-137861,-239323,-171826,617040,57968,58914,144916,-239433,-3116,23496,-43422,-267465,-2,❌避開,觀望,站上5日線、多頭排列、量能溫和放大,法人連續偏賣、中期買超轉短線賣壓、5日法人小幅賣超、投信買外資賣,風險偏高：站上5日線、多頭排列、量能溫和放大、法人連續偏賣、中期買超轉短線賣壓、5日法人小幅賣超、投信買外資賣。目前不適合積極追蹤，等待結構改善。,-2.0,55.0,-60.0,0.0,,,
2026-06-07,2026-06-07 23:00:01,output/stock_analysis_result.xlsx,3481.TW,群創,53.7,56.24,52.36,44.94,177087727,592299063,60.5,31.05,無明顯異常,4013848,74147685,-35645863,-370783453,12947050,53298383,-74583637,-375939785,9557,30683557,59935557,51810082,-8942759,-9834255,-20997783,-46653750,-4,❌避開,觀望,跌破5日線、多頭排列、量能未放大,短線籌碼止穩、5日法人明顯賣超、投信買外資賣,風險偏高：跌破5日線、多頭排列、量能未放大、短線籌碼止穩、5日法人明顯賣超、投信買外資賣。目前不適合積極追蹤，等待結構改善。,-4.0,5.0,-15.0,0.0,,,
2026-06-07,2026-06-07 23:00:01,output/stock_analysis_result.xlsx,2409.TW,友達,27.1,27.01,24.74,22.27,607774938,695720471,29.6,18.2,無明顯異常,-36704251,-72882331,-133609444,-304962249,-34521988,-74121989,-136661922,-307750529,24817,174817,275817,488015,-2207080,1064841,2776661,2300265,-4,❌避開,觀望,站上5日線、多頭排列、量能未放大,法人連續偏賣、5日法人明顯賣超、投信買外資賣,風險偏高：站上5日線、多頭排列、量能未放大、法人連續偏賣、5日法人明顯賣超、投信買外資賣。目前不適合積極追蹤，等待結構改善。,-4.0,45.0,-55.0,0.0,,,
2026-06-07,2026-06-07 23:00:01,output/stock_analysis_result.xlsx,9105.TW,泰金寶-DR,11.45,11.18,9.73,7.78,149436626,163778701,13.9,5.55,無明顯異常,-11343361,-10184740,-5439866,-18711770,-10763399,-10367635,-3501894,-19645643,0,0,0,0,-579962,182895,-1937972,933873,-4,❌避開,觀望,站上5日線、多頭排列、量能未放大,法人連續偏賣、5日法人明顯賣超,風險偏高：站上5日線、多頭排列、量能未放大、法人連續偏賣、5日法人明顯賣超。目前不適合積極追蹤，等待結構改善。,-4.0,45.0,-55.0,0.0,,,
2026-06-07,2026-06-07 23:00:01,output/stock_analysis_result.xlsx,4931.TWO,新盛力,242.5,245.2,231.0,212.18,13496000,15112000,274.0,172.0,無明顯異常,0,722695,-334373,1596394,0,829349,-185970,1682298,0,0,0,0,0,-106654,-148403,-85904,-6,❌避開,觀望,跌破5日線、多頭排列、量能未放大,5日法人賣超,風險偏高：跌破5日線、多頭排列、量能未放大、5日法人賣超。目前不適合積極追蹤，等待結構改善。,-6.0,5.0,-20.0,0.0,,,
2026-06-07,2026-06-07 23:00:01,output/stock_analysis_result.xlsx,3189.TW,景碩,712.0,732.0,713.7,616.23,7602120,6275875,778.0,460.0,無明顯異常,1003278,-832898,-72397,8236352,2327784,2990113,4084543,8394647,-516905,-2313453,-2310167,2026405,-807601,-1509558,-1846773,-2184700,-8,❌避開,觀望,跌破5日線、多頭排列、量能溫和放大,中期買超轉短線賣壓、5日法人小幅賣超、外資買投信賣,風險偏高：跌破5日線、多頭排列、量能溫和放大、中期買超轉短線賣壓、5日法人小幅賣超、外資買投信賣。目前不適合積極追蹤，等待結構改善。,-8.0,15.0,-35.0,0.0,,,
2026-06-07,2026-06-07 23:00:01,output/stock_analysis_result.xlsx,2345.TW,智邦,2490.0,2504.0,2516.5,2504.25,2517690,3245903,2695.0,2325.0,無明顯異常,-140913,11094,21495,268795,-229766,70366,800337,1417594,190772,173336,-306119,-596191,-101919,-232608,-472723,-552608,-8,❌避開,觀望,跌破5日線、量能未放大,籌碼中性、外資買投信賣,風險偏高：跌破5日線、量能未放大、籌碼中性、外資買投信賣。目前不適合積極追蹤，等待結構改善。,-8.0,-20.0,0.0,0.0,,,
2026-06-07,2026-06-07 23:00:01,output/stock_analysis_result.xlsx,2312.TW,金寶,39.3,41.13,39.6,34.41,67007859,120401078,44.4,26.65,無明顯異常,8780324,-1743508,-9869577,-10200280,10036062,-562934,-9644163,-4987203,-11000,7000,612000,-4932000,-1244738,-1187574,-837414,-281077,-10,❌避開,觀望,跌破5日線、多頭排列、量能未放大,5日法人明顯賣超、投信買外資賣,風險偏高：跌破5日線、多頭排列、量能未放大、5日法人明顯賣超、投信買外資賣。目前不適合積極追蹤，等待結構改善。,-10.0,5.0,-30.0,0.0,,,
2026-06-07,2026-06-07 23:00:01,output/stock_analysis_result.xlsx,7769.TW,鴻勁,7275.0,7375.0,7618.0,7348.25,688847,870085,8465.0,5805.0,無明顯異常,-3583,26684,-609095,-443630,-1553,-93861,-746146,-1056683,-1000,126176,146176,618029,-1030,-5631,-9125,-4976,-14,❌避開,觀望,跌破5日線、量能未放大,短線籌碼止穩、5日法人明顯賣超、投信買外資賣,風險偏高：跌破5日線、量能未放大、短線籌碼止穩、5日法人明顯賣超、投信買外資賣。目前不適合積極追蹤，等待結構改善。,-14.0,-20.0,-15.0,0.0,,,
2026-06-07,2026-06-07 23:00:01,output/stock_analysis_result.xlsx,2330.TW,台積電,2365.0,2382.0,2344.0,2290.0,43403895,41528413,2440.0,2185.0,無明顯異常,-14422343,-23270459,-24416771,-7303335,-17839581,-29199460,-32119829,-20806218,2900428,4086241,4476559,8823312,516810,1842760,3226499,4679571,-16,❌避開,觀望,跌破5日線、多頭排列、量能溫和放大,法人連續偏賣、5日法人明顯賣超、投信買外資賣,風險偏高：跌破5日線、多頭排列、量能溫和放大、法人連續偏賣、5日法人明顯賣超、投信買外資賣。目前不適合積極追蹤，等待結構改善。,-16.0,15.0,-55.0,0.0,,,
2026-06-07,2026-06-07 23:00:01,output/stock_analysis_result.xlsx,2303.TW,聯電,131.5,134.9,136.0,121.9,377903061,361692784,155.5,92.0,無明顯異常,13132780,-53732301,-123923119,-124798119,79930463,303122958,387183146,500944645,-75575871,-372549982,-525637832,-648920654,8778188,15694723,14531567,23177890,-16,❌避開,觀望,跌破5日線、量能溫和放大,5日法人明顯賣超、外資買投信賣,風險偏高：跌破5日線、量能溫和放大、5日法人明顯賣超、外資買投信賣。目前不適合積極追蹤，等待結構改善。,-16.0,-10.0,-30.0,0.0,,,
2026-06-07,2026-06-07 23:00:01,output/stock_analysis_result.xlsx,4966.TWO,譜瑞-KY,736.0,796.6,815.7,795.35,3291000,4915600,929.0,695.0,無明顯異常,0,148126,-455867,800844,0,532455,-367920,-297121,0,-143000,223000,1218000,0,-241329,-310947,-120035,-16,❌避開,觀望,跌破5日線、量能未放大,5日法人賣超、投信買外資賣,風險偏高：跌破5日線、量能未放大、5日法人賣超、投信買外資賣。目前不適合積極追蹤，等待結構改善。,-16.0,-20.0,-20.0,0.0,,,
2026-06-07,2026-06-07 23:00:01,output/stock_analysis_result.xlsx,2327.TW,國巨,769.0,793.6,750.1,618.42,29037062,25110323,847.0,370.0,無明顯異常,-1022419,-13142331,-9085057,-16962739,-1818499,-14031377,-10699304,-25618932,797746,716094,816094,4243834,-1666,172952,798153,4412359,-16,❌避開,觀望,跌破5日線、多頭排列、量能溫和放大,法人連續偏賣、5日法人明顯賣超、投信買外資賣,風險偏高：跌破5日線、多頭排列、量能溫和放大、法人連續偏賣、5日法人明顯賣超、投信買外資賣。目前不適合積極追蹤，等待結構改善。,-16.0,15.0,-55.0,0.0,,,
2026-06-07,2026-06-07 23:00:01,output/stock_analysis_result.xlsx,2331.TW,精英,22.7,24.13,22.66,21.22,3920752,13374870,26.5,18.6,無明顯異常,139767,-1353103,-5029937,-5906459,260044,-1022991,-5033248,-6000258,-11000,-37000,-37000,-68000,-109277,-293112,40311,161799,-18,❌避開,觀望,跌破5日線、多頭排列、量能未放大,5日法人明顯賣超、外資投信同步賣超,風險偏高：跌破5日線、多頭排列、量能未放大、5日法人明顯賣超、外資投信同步賣超。目前不適合積極追蹤，等待結構改善。,-18.0,5.0,-50.0,0.0,,,
2026-06-07,2026-06-07 23:00:01,output/stock_analysis_result.xlsx,8358.TWO,金居,596.0,614.2,587.0,520.92,3357000,18114000,687.0,368.0,無明顯異常,0,-1615821,-3888412,-1251255,0,-1251396,-1449933,1533448,0,17000,-839656,-786156,0,-381425,-1598823,-1998547,-18,❌避開,觀望,跌破5日線、多頭排列、量能未放大,5日法人明顯賣超、外資投信同步賣超,風險偏高：跌破5日線、多頭排列、量能未放大、5日法人明顯賣超、外資投信同步賣超。目前不適合積極追蹤，等待結構改善。,-18.0,5.0,-50.0,0.0,,,
2026-06-07,2026-06-07 23:00:01,output/stock_analysis_result.xlsx,3673.TW,TPK-KY,86.0,89.82,87.12,77.7,23409882,41713857,98.9,59.0,無明顯異常,-1969430,-11075037,-16496584,-23389753,-915260,-9952831,-15570184,-20946684,0,0,0,0,-1054170,-1122206,-926400,-2443069,-20,❌避開,觀望,跌破5日線、多頭排列、量能未放大,法人連續偏賣、5日法人明顯賣超,風險偏高：跌破5日線、多頭排列、量能未放大、法人連續偏賣、5日法人明顯賣超。目前不適合積極追蹤，等待結構改善。,-20.0,5.0,-55.0,0.0,,,
2026-06-07,2026-06-07 23:00:01,output/stock_analysis_result.xlsx,6285.TW,啟碁,292.0,302.8,305.1,290.9,12424943,12946724,336.5,250.5,無明顯異常,447096,75935,-2603298,3046818,518474,277951,-2501956,3358342,51000,-16000,469000,155768,-122378,-186016,-570342,-467292,-20,❌避開,觀望,跌破5日線、量能未放大,5日法人明顯賣超、投信買外資賣,風險偏高：跌破5日線、量能未放大、5日法人明顯賣超、投信買外資賣。目前不適合積極追蹤，等待結構改善。,-20.0,-20.0,-30.0,0.0,,,
2026-06-07,2026-06-07 23:00:01,output/stock_analysis_result.xlsx,6239.TW,力成,338.0,349.6,347.8,294.55,16699684,17443306,387.0,219.0,無明顯異常,-4015282,-8881966,-14816158,-5486647,2688350,6121615,8522578,18279277,-4639797,-14218839,-21782230,-23177012,-2063835,-784742,-1556506,-588912,-20,❌避開,觀望,跌破5日線、多頭排列、量能未放大,法人連續偏賣、5日法人明顯賣超、外資買投信賣,風險偏高：跌破5日線、多頭排列、量能未放大、法人連續偏賣、5日法人明顯賣超、外資買投信賣。目前不適合積極追蹤，等待結構改善。,-20.0,5.0,-55.0,0.0,,,
2026-06-07,2026-06-07 23:00:01,output/stock_analysis_result.xlsx,1409.TW,新纖,26.15,27.27,23.4,20.16,44948938,26397240,30.3,16.6,無明顯異常,374332,-1475953,-1468147,11259540,1209050,1314189,-569199,8402474,-8000,-12000,-16000,-28000,-826718,-2778142,-882948,2885066,-22,❌避開,觀望,跌破5日線、多頭排列、成交量放大,中期買超轉短線賣壓、5日法人明顯賣超、外資投信同步賣超,風險偏高：跌破5日線、多頭排列、成交量放大、中期買超轉短線賣壓、5日法人明顯賣超、外資投信同步賣超。目前不適合積極追蹤，等待結構改善。,-22.0,20.0,-75.0,0.0,,,
2026-06-07,2026-06-07 23:00:01,output/stock_analysis_result.xlsx,4908.TWO,前鼎,226.5,234.3,248.3,244.4,1936000,3137200,312.5,216.0,無明顯異常,0,-213413,-781586,-3432763,0,-198978,-738684,-3283256,0,0,0,0,0,-14435,-42902,-149507,-24,❌避開,觀望,跌破5日線、量能未放大、接近20日低點,5日法人明顯賣超,風險偏高：跌破5日線、量能未放大、接近20日低點、5日法人明顯賣超。目前不適合積極追蹤，等待結構改善。,-24.0,-30.0,-30.0,0.0,,,
2026-06-07,2026-06-07 23:00:01,output/stock_analysis_result.xlsx,3163.TWO,波若威,1020.0,1028.6,1075.3,1040.25,4865000,3625600,1255.0,865.0,無明顯異常,0,-700671,-2559466,-6127657,0,-576457,-1524910,-3124805,0,0,-904000,-2722050,0,-124214,-130556,-280802,-24,❌避開,觀望,跌破5日線、量能溫和放大,5日法人明顯賣超、外資投信同步賣超,風險偏高：跌破5日線、量能溫和放大、5日法人明顯賣超、外資投信同步賣超。目前不適合積極追蹤，等待結構改善。,-24.0,-10.0,-50.0,0.0,,,
2026-06-07,2026-06-07 23:00:01,output/stock_analysis_result.xlsx,2308.TW,台達電,2300.0,2392.0,2395.5,2238.25,12283892,10950943,2585.0,1880.0,無明顯異常,-2372358,526395,-886448,9201417,-2360808,117803,-766082,7824863,-66097,197313,-69687,1072911,54547,211279,-50679,303643,-24,❌避開,觀望,跌破5日線、量能溫和放大,5日法人明顯賣超、外資投信同步賣超,風險偏高：跌破5日線、量能溫和放大、5日法人明顯賣超、外資投信同步賣超。目前不適合積極追蹤，等待結構改善。,-24.0,-10.0,-50.0,0.0,,,
2026-06-07,2026-06-07 23:00:01,output/stock_analysis_result.xlsx,3081.TWO,聯亞,2655.0,2665.0,2756.0,2743.75,3094000,2418200,3215.0,2445.0,無明顯異常,0,-554317,-1229802,-1950372,0,-458374,-739509,-1711064,0,67299,-286201,-44623,0,-163242,-204092,-194685,-24,❌避開,觀望,跌破5日線、量能溫和放大,5日法人明顯賣超、外資投信同步賣超,風險偏高：跌破5日線、量能溫和放大、5日法人明顯賣超、外資投信同步賣超。目前不適合積極追蹤，等待結構改善。,-24.0,-10.0,-50.0,0.0,,,
2026-06-07,2026-06-07 23:00:01,output/stock_analysis_result.xlsx,3105.TWO,穩懋,483.5,507.0,525.5,504.9,30445000,31281800,588.0,436.0,無明顯異常,0,-5488502,-9353559,-10995269,0,-4438850,-6776494,-9455532,0,-141276,-1019439,-1370765,0,-908376,-1557626,-168972,-28,❌避開,觀望,跌破5日線、量能未放大,5日法人明顯賣超、外資投信同步賣超,風險偏高：跌破5日線、量能未放大、5日法人明顯賣超、外資投信同步賣超。目前不適合積極追蹤，等待結構改善。,-28.0,-20.0,-50.0,0.0,,,
2026-06-07,2026-06-07 23:00:01,output/stock_analysis_result.xlsx,2374.TW,佳能,79.7,81.88,81.81,81.42,15546534,13920640,86.4,77.2,無明顯異常,-3501402,-6216003,-7481768,-8582233,-3399304,-5890258,-7253249,-8333523,-1000,-1000,-1000,-2000,-101098,-324745,-227519,-246710,-28,❌避開,觀望,跌破5日線、多頭排列、量能溫和放大、接近20日低點,法人連續偏賣、5日法人明顯賣超、外資投信同步賣超,風險偏高：跌破5日線、多頭排列、量能溫和放大、接近20日低點、法人連續偏賣、5日法人明顯賣超、外資投信同步賣超。目前不適合積極追蹤，等待結構改善。,-28.0,5.0,-75.0,0.0,,,
2026-06-07,2026-06-07 23:00:01,output/stock_analysis_result.xlsx,3211.TWO,順達,423.0,439.8,443.7,409.07,10396000,12556200,492.5,343.0,無明顯異常,0,709158,-2262989,8288668,0,1534533,-434369,11800430,0,-692000,-1650000,-3609000,0,-133375,-178620,97238,-28,❌避開,觀望,跌破5日線、量能未放大,5日法人明顯賣超、外資投信同步賣超,風險偏高：跌破5日線、量能未放大、5日法人明顯賣超、外資投信同步賣超。目前不適合積極追蹤，等待結構改善。,-28.0,-20.0,-50.0,0.0,,,
2026-06-07,2026-06-07 23:00:01,output/stock_analysis_result.xlsx,3035.TW,智原,192.0,201.4,205.15,201.4,8741854,11312143,231.0,177.0,無明顯異常,-490521,-2216952,-1929991,-7824250,-456580,-1820251,-2212879,-7711928,0,0,0,2000,-33941,-396701,282888,-114322,-30,❌避開,觀望,跌破5日線、量能未放大,法人連續偏賣、5日法人明顯賣超,風險偏高：跌破5日線、量能未放大、法人連續偏賣、5日法人明顯賣超。目前不適合積極追蹤，等待結構改善。,-30.0,-20.0,-55.0,0.0,,,
2026-06-07,2026-06-07 23:00:01,output/stock_analysis_result.xlsx,2338.TW,光罩,51.4,53.76,55.13,52.59,4843518,7498738,61.4,45.45,無明顯異常,-585449,-4109466,-7596476,-3023470,-283000,-3771447,-7211092,-3323211,0,0,0,0,-302449,-338019,-385384,299741,-30,❌避開,觀望,跌破5日線、量能未放大,法人連續偏賣、5日法人明顯賣超,風險偏高：跌破5日線、量能未放大、法人連續偏賣、5日法人明顯賣超。目前不適合積極追蹤，等待結構改善。,-30.0,-20.0,-55.0,0.0,,,
2026-06-07,2026-06-07 23:00:01,output/stock_analysis_result.xlsx,1802.TW,台玻,67.6,70.82,71.53,69.29,54773961,101817019,81.2,61.8,無明顯異常,-10768423,-32490823,-46309507,-13193806,-8980780,-28692903,-39944165,-11513497,-3000,258000,1529000,3878000,-1784643,-4055920,-7894342,-5558309,-30,❌避開,觀望,跌破5日線、量能未放大,法人連續偏賣、5日法人明顯賣超、投信買外資賣,風險偏高：跌破5日線、量能未放大、法人連續偏賣、5日法人明顯賣超、投信買外資賣。目前不適合積極追蹤，等待結構改善。,-30.0,-20.0,-55.0,0.0,,,
2026-06-07,2026-06-07 23:00:01,output/stock_analysis_result.xlsx,2344.TW,華邦電,162.0,174.3,159.8,141.25,228440187,270646878,193.0,112.0,無明顯異常,-44928721,-105366916,-79387398,101820742,-33721034,-92803972,-86646373,48941540,-9513592,-6566463,12315684,54711068,-1694095,-5996481,-5056709,-1831866,-30,❌避開,觀望,跌破5日線、多頭排列、量能未放大,法人連續偏賣、中期買超轉短線賣壓、5日法人明顯賣超、投信買外資賣,風險偏高：跌破5日線、多頭排列、量能未放大、法人連續偏賣、中期買超轉短線賣壓、5日法人明顯賣超、投信買外資賣。目前不適合積極追蹤，等待結構改善。,-30.0,5.0,-80.0,0.0,,,
2026-06-07,2026-06-07 23:00:01,output/stock_analysis_result.xlsx,5439.TWO,高技,364.5,371.9,377.4,380.52,2763000,2000600,439.0,347.5,無明顯異常,0,-406527,-912811,-1411109,0,-390992,-945224,-1289177,0,0,50000,12000,0,-15535,-17587,-133932,-30,❌避開,觀望,跌破5日線、空頭排列、量能溫和放大、接近20日低點,5日法人明顯賣超、投信買外資賣,風險偏高：跌破5日線、空頭排列、量能溫和放大、接近20日低點、5日法人明顯賣超、投信買外資賣。目前不適合積極追蹤，等待結構改善。,-30.0,-45.0,-30.0,0.0,,,
2026-06-07,2026-06-07 23:00:01,output/stock_analysis_result.xlsx,3711.TW,日月光投控,577.0,595.8,608.7,567.55,21540374,24981284,669.0,465.0,無明顯異常,-1378934,-388063,-6087119,-25651177,-850510,8207878,11808343,-4706866,-707065,-9263904,-18645535,-21606183,178641,667963,750073,661872,-30,❌避開,觀望,跌破5日線、量能未放大,法人連續偏賣、5日法人明顯賣超、外資買投信賣,風險偏高：跌破5日線、量能未放大、法人連續偏賣、5日法人明顯賣超、外資買投信賣。目前不適合積極追蹤，等待結構改善。,-30.0,-20.0,-55.0,0.0,,,
2026-06-07,2026-06-07 23:00:01,output/stock_analysis_result.xlsx,2313.TW,華通,259.0,268.7,275.2,263.9,64234821,51611117,305.5,233.5,無明顯異常,-11894403,-34607675,-62421389,-90376444,-11629303,-30775248,-56468716,-71514593,46000,-2215000,-3179000,-13009000,-311100,-1617427,-2773673,-5852851,-34,❌避開,觀望,跌破5日線、量能溫和放大,法人連續偏賣、5日法人明顯賣超、外資投信同步賣超,風險偏高：跌破5日線、量能溫和放大、法人連續偏賣、5日法人明顯賣超、外資投信同步賣超。目前不適合積極追蹤，等待結構改善。,-34.0,-10.0,-75.0,0.0,,,
2026-06-07,2026-06-07 23:00:01,output/stock_analysis_result.xlsx,2498.TW,宏達電,45.9,47.81,46.34,45.08,12521986,23125452,52.4,38.65,無明顯異常,-2111500,-10099021,-363082,3035202,-1456861,-9153651,-689636,2817494,-10000,-11000,-17000,-25000,-644639,-934370,343554,242708,-34,❌避開,觀望,跌破5日線、多頭排列、量能未放大,法人連續偏賣、中期買超轉短線賣壓、5日法人賣超、外資投信同步賣超,風險偏高：跌破5日線、多頭排列、量能未放大、法人連續偏賣、中期買超轉短線賣壓、5日法人賣超、外資投信同步賣超。目前不適合積極追蹤，等待結構改善。,-34.0,5.0,-90.0,0.0,,,
2026-06-07,2026-06-07 23:00:01,output/stock_analysis_result.xlsx,3037.TW,欣興,933.0,985.8,1016.4,941.3,26076886,21567919,1130.0,776.0,無明顯異常,-2532986,-1181096,-9187066,3586251,-833510,2682899,195173,10042381,-1480000,-3346560,-8453559,-4719932,-219476,-517435,-928680,-1736198,-36,❌避開,觀望,跌破5日線、量能溫和放大,法人連續偏賣、中期買超轉短線賣壓、5日法人明顯賣超、外資買投信賣,風險偏高：跌破5日線、量能溫和放大、法人連續偏賣、中期買超轉短線賣壓、5日法人明顯賣超、外資買投信賣。目前不適合積極追蹤，等待結構改善。,-36.0,-10.0,-80.0,0.0,,,
2026-06-07,2026-06-07 23:00:01,output/stock_analysis_result.xlsx,4958.TW,臻鼎-KY,504.0,514.9,517.65,474.85,8176859,10641431,568.0,372.0,無明顯異常,-337845,-6432791,-10254790,-19511393,-145017,-1244671,-81057,-4769393,22816,-5157964,-9436964,-13406556,-215644,-30156,-736769,-1335444,-38,❌避開,觀望,跌破5日線、量能未放大,法人連續偏賣、5日法人明顯賣超、外資投信同步賣超,風險偏高：跌破5日線、量能未放大、法人連續偏賣、5日法人明顯賣超、外資投信同步賣超。目前不適合積極追蹤，等待結構改善。,-38.0,-20.0,-75.0,0.0,,,
2026-06-07,2026-06-07 23:00:01,output/stock_analysis_result.xlsx,2485.TW,兆赫,67.5,69.0,71.64,70.84,25121130,17682775,78.6,65.0,無明顯異常,-489992,-1854714,-5898344,-5045469,-60330,-1116344,-4859069,-5201671,0,-4000,-7000,-7000,-429662,-734370,-1032275,163202,-38,❌避開,觀望,跌破5日線、量能溫和放大、接近20日低點,法人連續偏賣、5日法人明顯賣超、外資投信同步賣超,風險偏高：跌破5日線、量能溫和放大、接近20日低點、法人連續偏賣、5日法人明顯賣超、外資投信同步賣超。目前不適合積極追蹤，等待結構改善。,-38.0,-20.0,-75.0,0.0,,,
2026-06-07,2026-06-07 23:00:01,output/stock_analysis_result.xlsx,2329.TW,華泰,56.3,58.6,58.73,57.12,9960719,12333191,63.0,50.2,無明顯異常,-2431554,-1105690,-2495460,11774402,-1768077,-538905,-890928,11635575,0,13000,25000,64000,-663477,-579785,-1629532,74827,-40,❌避開,觀望,跌破5日線、量能未放大,法人連續偏賣、中期買超轉短線賣壓、5日法人明顯賣超、投信買外資賣,風險偏高：跌破5日線、量能未放大、法人連續偏賣、中期買超轉短線賣壓、5日法人明顯賣超、投信買外資賣。目前不適合積極追蹤，等待結構改善。,-40.0,-20.0,-80.0,0.0,,,
